cislo,sklpol,název,norma,jednotka
537,100005,cukr,100.0,g
537,100006,cukr moučka,200.0,g
537,100045,sůl,4.0,g
537,100059,krupička dětská,500.0,g
537,100085,,10.0,ks
537,400006,máslo,200.0,g
537,400009,mléko,5.0,l
626,100045,sůl,10.0,g
654,100238,,1.0,ks
655,200029,rajčata,1000.0,g
656,200039,ředkvičky svazek,10.0,ks
657,200025,papriky,1000.0,g
658,200015,kedlubny,10.0,ks
774,100030,piškoty,3.0,ks
775,100093,tatranky,10.0,ks
776,100107,zákusky,10.0,ks
777,100014,mouka hladká,40.0,g
777,100021,olej,0.1,ks
777,100045,sůl,20.0,g
777,100051,strouhanka,200.0,g
777,200033,zelenina mražené,1500.0,g
777,400020,vejce,3.0,ks
778,100053,hořčice 400g,0.1,ks
778,200006,cibule,20.0,g
778,200029,rajčata,1500.0,g
778,300019,,500.0,G
778,400011,smetana zakysaná,0.5,ks
778,400020,vejce,10.0,ks
814,200001,banány,2.2,kg
815,200004,broskve,1.0,kg
816,200021,nektarinky,1.5,kg
817,200011,hrušky,1.5,kg
819,200012,jablka,1300.0,g
822,200016,kiwi,10.0,ks
827,100070,kompot 700g,2.0,ks
834,200018,mandarinky,1.3,kg
835,100086,meloun,3.0,kg
836,200019,meruňky,1.3,kg
838,100088,pomeranče,1.5,kg
843,200030,ryngle,1.0,kg
844,200038,švestky,1.5,kg
846,200032,víno hroznové,2000.0,g
911,100014,mouka hladká,100.0,g
911,100045,sůl,20.0,g
911,200006,cibule,100.0,g
911,200022,žampiony,200.0,g
911,300029,vepřová plec,1000.0,g
911,400017,tuk hera,100.0,g
956,300034,šunka,300.0,g
957,300034,šunka,500.0,g
965,400016,termix,10.0,ks
979,100014,mouka hladká,20.0,g
979,100045,sůl,20.0,g
979,100064,kmín,2.0,g
979,200006,cibule,100.0,g
979,300016,sádlo,100.0,g
979,300029,vepřová plec,1000.0,g
980,400028,,1.5,ks
983,400003,jogurt,10.0,ks
987,100045,sůl,30.0,g
987,100064,kmín,1.0,g
987,300012,pangas,1500.0,g
987,400001,eidam,300.0,g
987,400006,máslo,100.0,g
988,100039,přesnídávky,10.0,ks
989,100021,olej,0.1,ks
989,100027,pepř mletý,1.0,g
989,100045,sůl,30.0,g
989,200006,cibule,200.0,g
989,200025,papriky,150.0,g
989,300028,vepřová kýta,1000.0,g
989,300033,špek,100.0,g
990,100029,pitíčko,10.0,ks
991,100087,minerálka,10.0,ks
992,400007,máslo pomazánkové,1.0,ks
993,100010,džem porce,10.0,ks
997,400010,mléko ochucené,10.0,ks
1017,400006,máslo,100.0,g
1019,400006,máslo,200.0,g
1020,100085,med porce,10.0,ks
1033,100041,rohlíky,20.0,ks
1034,100045,sůl,20.0,g
1034,300012,pangas,1500.0,g
1034,400006,máslo,100.0,g
1035,100052,housky,20.0,ks
1036,100052,housky,30.0,ks
1037,100014,mouka hladká,100.0,g
1037,100021,olej,0.2,ks
1037,100045,sůl,30.0,g
1037,100051,strouhanka,160.0,g
1037,300010,kuřecí stehna,2500.0,g
1037,400009,mléko,0.1,l
1037,400020,vejce,2.0,ks
1038,100065,koláče,20.0,ks
1039,100045,sůl,20.0,g
1039,200020,mrkev,1200.0,g
1039,300034,šunka,200.0,g
1039,400018,tvaroh měkký,300.0,g
1040,100014,mouka hladká,100.0,g
1040,100021,olej,0.2,ks
1040,100051,strouhanka,200.0,g
1040,300005,játra,1200.0,g
1040,400020,vejce,1.0,ks
1041,100021,olej,0.3,ks
1041,100045,sůl,10.0,g
1041,100056,hranolky,2000.0,g
1042,100041,rohlíky,10.0,ks
1043,400014,sýr troj,10.0,ks
1044,100102,vánočky,3.0,ks
1045,100102,vánočky,2.0,ks
1046,100025,paštiky 48g,10.0,ks
1047,100024,paštiky 100g,10.0,ks
1048,100005,cukr,100.0,g
1048,100046,sirup,0.5,ks
1048,100092,čaj viatex 80g,2.0,ks
1049,300019,salám šunkový,500.0,g
1050,100061,kapučino,1.0,ks
1050,400009,mléko,2.0,l
1051,100062,karo,0.5,ks
1051,400009,mléko,2.0,l
1052,100012,granko,0.5,ks
1052,400009,mléko,3.0,l
1053,100005,cukr,150.0,g
1053,100060,kakao,50.0,g
1053,400009,mléko,3.0,l
1055,100005,cukr,4000.0,g
1055,400009,mléko,4.0,l
1056,300019,salám šunkový,300.0,g
1057,100058,chléb,1.0,ks
1058,100058,chléb,1.0,ks
1059,400002,hermelín,10.0,ks
1060,100005,cukr,200.0,g
1060,100006,cukr moučka,50.0,g
1060,100011,droždí ks,1.0,ks
1060,100016,mouka hladká,1500.0,g
1060,100081,mák,125.0,g
1060,200038,švestky,1.3,kg
1060,400006,máslo,35.0,g
1060,400009,mléko,0.7,l
1060,400020,vejce,3.0,ks
1061,400002,hermelín,5.0,ks
1062,400001,eidam,300.0,g
1063,400001,eidam,500.0,g
1065,100023,,600.0,g
1065,100045,sůl,20.0,g
1065,100201,,0.1,ks
1065,200022,,500.0,g
1065,200031,,20.0,g
1065,200042,,3.0,ks
1065,200043,,1.0,ks
1066,400004,lučina 1ks,10.0,ks
1067,100005,cukr,50.0,g
1067,100009,džem 400g,0.5,ks
1067,100016,mouka polohrubá,50.0,g
1067,400020,vejce,3.0,ks
1068,300001,drůbeží sekaná mr.,1000.0,g
1068,400017,tuk hera,30.0,g
1069,100111,šátečky,20.0,ks
1070,100038,pudink se šlehačkou,10,ks
1071,100111,šátečky,10.0,ks
1072,100215,,5.0,ks
1073,100215,,3.0,ks
1074,100215,,1,ks
1075,100015,mouka hrubá,100.0,g
1075,100021,olej,0.1,ks
1075,300030,vinná klobása 150,1500.0,g
1076,100014,mouka hladká,50.0,g
1076,100023,paprika mletá,15.0,g
1076,100040,rajčatový protlak,0.2,ks
1076,100045,sůl,20.0,g
1076,200006,cibule,100.0,g
1076,200031,česnek,20.0,g
1076,300029,vepřová plec,1000.0,g
1076,400017,tuk hera,100.0,g
1077,300047,paštika krájená,1500.0,g
1078,300047,paštika krájená,1000.0,g
1079,100045,sůl,20.0,g
1079,100064,kmín,1.0,g
1079,300012,pangas,1500.0,g
1079,400006,máslo,100.0,g
1080,100011,droždí ks,1.0,ks
1080,100014,mouka hladká,20.0,g
1080,100014,mouka hladká,1000.0,g
1080,100021,olej,0.1,ks
1080,100045,sůl,15.0,g
1080,100063,kečup 500g,0.5,ks
1080,100078,lečo zeleninové 67,1.0,ks
1080,300018,salám výrobní,500.0,g
1080,400001,eidam,200.0,g
1080,400009,mléko,0.4,l
1080,400017,tuk hera,20.0,g
1080,400020,vejce,2.0,ks
1081,400008,máslo porce,10.0,ks
1082,400008,máslo porce,20.0,ks
1083,100021,olej,0.2,ks
1083,100040,rajčatový protlak,0.2,ks
1083,100045,sůl,20.0,g
1083,100078,lečo zeleninové 67,0.5,ks
1083,200006,cibule,100.0,g
1083,200010,hrášek mražený,30.0,g
1083,300026,vepřová kotleta,1200.0,g
1084,100053,hořčice 400g,0.5,ks
1084,200013,párky,1000.0,g
1562,100062,karo,0.5,ks
1562,400009,mléko,2.0,l
3001,100026,pepř celý,0.5,g
3001,100033,,0.1,ks
3001,100045,sůl,20.0,g
3001,100108,zavářka,100.0,g
3001,200006,cibule,30.0,g
3001,200014,kapusta,30.0,g
3001,200028,pórek,30.0,g
3001,200033,,300.0,g
3001,300003,hovězí přední,300.0,g
3001,300007,kosti,500.0,g
3001,400017,tuk hera,3.0,g
3003,100014,mouka hladká,180.0,g
3003,100027,pepř mletý,1.0,g
3003,100033,polévkové koření,0.1,ks
3003,100045,sůl,40.0,g
3003,100064,kmín,1.0,g
3003,100080,majoránka,1.0,g
3003,200002,brambory,1500.0,g
3003,200006,cibule,50.0,g
3003,200009,,100.0,g
3003,200031,česnek,6.0,g
3003,200033,,250.0,g
3003,300007,,500.0,g
3003,400006,máslo,20.0,g
3003,400017,tuk hera,80.0,g
3005,100014,mouka hladká,150.0,g
3005,100027,pepř mletý,0.5,g
3005,100033,polévkové koření,0.1,ks
3005,100045,sůl,20.0,g
3005,100064,kmín,0.5,g
3005,100077,lámanka,200.0,g
3005,100080,majoránka,0.5,g
3005,200002,brambory,1000.0,g
3005,200006,cibule,50.0,g
3005,200031,česnek,10.0,g
3005,200033,,500.0,g
3005,300007,kosti,500.0,g
3005,400017,tuk hera,100.0,g
3006,100014,mouka hladká,180.0,g
3006,100027,pepř mletý,0.5,g
3006,100033,polévkové koření,0.1,ks
3006,100045,sůl,20.0,g
3006,100103,veky,0.5,ks
3006,200005,celer,700.0,g
3006,200033,,100.0,g
3006,300007,kosti,500.0,g
3006,400006,máslo,20.0,g
3006,400009,mléko,0.3,l
3006,400017,tuk hera,20.0,g
3006,400017,tuk hera,80.0,g
3007,100027,pepř mletý,0.5,g
3007,100033,,0.1,ks
3007,100045,sůl,20.0,g
3007,100058,chléb,0.1,ks
3007,200002,brambory,500.0,g
3007,200031,česnek,30.0,g
3007,200033,,200.0,g
3007,300007,kosti,500.0,g
3007,300016,sádlo,40.0,g
3008,100014,mouka hladká,150.0,g
3008,100033,polévkové koření,0.1,ks
3008,100045,sůl,20.0,g
3008,100080,majoránka,1.0,g
3008,100097,čočka,350.0,g
3008,200006,cibule,75.0,g
3008,200031,česnek,15.0,g
3008,300007,kosti,500.0,g
3008,400009,mléko,0.3,l
3008,400017,tuk hera,100.0,g
3009,100033,polévkové koření,0.1,ks
3009,100045,sůl,20.0,g
3009,100073,krupice hrubá,150.0,g
3009,200033,,150.0,g
3009,300007,kosti,500.0,g
3009,400017,tuk hera,0.5,g
3009,400020,vejce,1.0,ks
3010,100027,pepř mletý,0.5,g
3010,100033,polévkové koření,0.1,ks
3010,100043,rýže,150.0,g
3010,100045,sůl,20.0,g
3010,200006,cibule,40.0,g
3010,200014,kapusta,600.0,g
3010,200033,,150.0,g
3010,300007,kosti,500.0,g
3010,400017,tuk hera,50.0,g
3011,100011,droždí ks,3.0,ks
3011,100014,mouka hladká,100.0,g
3011,100033,polévkové koření,0.1,ks
3011,100045,sůl,20.0,g
3011,100108,zavářka,150.0,g
3011,100113,,0.1,ks
3011,200006,cibule,150.0,g
3011,200033,,100.0,g
3011,300007,kosti,500.0,g
3011,400017,tuk hera,100.0,g
3012,100014,mouka hladká,180.0,g
3012,100023,paprika mletá,30.0,g
3012,100027,pepř mletý,0.5,g
3012,100033,polévkové koření,0.1,ks
3012,100045,sůl,20.0,g
3012,100064,kmín,0.5,g
3012,100080,majoránka,0.5,g
3012,200006,cibule,150.0,g
3012,200031,česnek,15.0,g
3012,200033,,100.0,g
3012,300002,drštky,750.0,g
3012,300007,kosti,500.0,g
3012,300016,sádlo,100.0,g
3013,100014,mouka hladká,180.0,g
3013,100017,muškátový květ,0.5,g
3013,100027,pepř mletý,0.5,g
3013,100033,polévkové koření,0.1,ks
3013,100045,sůl,40.0,g
3013,100108,zavářka,150.0,g
3013,100113,,0.1,ks
3013,200006,cibule,75.0,g
3013,200033,,100.0,g
3013,300021,slepice,700.0,g
3013,400009,mléko,0.3,l
3013,400017,tuk hera,100.0,g
3014,100014,mouka hladká,120.0,g
3014,100027,pepř mletý,0.5,g
3014,100033,polévkové koření,0.1,ks
3014,100045,sůl,20.0,g
3014,100103,veky,0.5,ks
3014,100197,,200.0,g
3014,200006,cibule,150.0,g
3014,200031,česnek,15.0,g
3014,200033,,100.0,g
3014,300007,kosti,500.0,g
3014,400006,máslo,20.0,g
3014,400017,tuk hera,20.0,g
3014,400017,tuk hera,80.0,g
3015,100014,mouka hladká,180.0,g
3015,100023,paprika mletá,2.0,g
3015,100027,pepř mletý,0.5,g
3015,100033,polévkové koření,0.1,ks
3015,200006,cibule,150.0,g
3015,200013,párky,250.0,g
3015,300007,kosti,500.0,g
3015,400009,mléko,0.3,l
3015,400017,tuk hera,100.0,g
3016,100014,mouka hladká,180.0,g
3016,100023,paprika mletá,20.0,g
3016,100027,pepř mletý,0.5,g
3016,100033,polévkové koření,0.1,ks
3016,100045,sůl,20.0,g
3016,100064,kmín,0.5,g
3016,100080,majoránka,0.5,g
3016,200002,brambory,1000.0,g
3016,200006,cibule,200.0,g
3016,200031,česnek,20.0,g
3016,300003,hovězí přední,440.0,g
3016,300007,kosti,500.0,g
3016,300016,sádlo,100.0,g
3017,100014,mouka hladká,180.0,g
3017,100023,paprika mletá,20.0,g
3017,100027,pepř mletý,0.5,g
3017,100033,polévkové koření,0.1,ks
3017,100045,sůl,20.0,g
3017,100064,kmín,0.5,g
3017,100080,majoránka,0.5,g
3017,200002,brambory,1000.0,g
3017,200006,cibule,200.0,g
3017,200009,houby mražené,300.0,g
3017,200031,česnek,20.0,g
3017,300007,kosti,500.0,g
3017,300016,sádlo,100.0,g
3018,100014,mouka hladká,150.0,g
3018,100027,pepř mletý,0.5,g
3018,100033,polévkové koření,0.1,ks
3018,100045,sůl,20.0,g
3018,100055,hrách,400.0,g
3018,100080,majoránka,0.5,g
3018,200006,cibule,100.0,g
3018,200031,česnek,20.0,g
3018,300007,kosti,500.0,g
3018,300016,sádlo,100.0,g
3018,400009,mléko,0.3,l
3019,100011,fazole,100.0,g
3019,100014,mouka hladká,100.0,g
3019,100027,pepř mletý,0.5,g
3019,100033,polévkové koření,0.1,ks
3019,100043,rýže,100.0,g
3019,100045,sůl,20.0,g
3019,100055,hrách,100.0,g
3019,100077,lámanka,50.0,g
3019,100080,majoránka,0.5,g
3019,200002,brambory,500.0,g
3019,200006,cibule,100.0,g
3019,200031,česnek,10.0,g
3019,200033,,150.0,g
3019,300007,kosti,500.0,g
3019,400017,tuk hera,100.0,g
3020,100033,polévkové koření,0.1,ks
3020,100045,sůl,20.0,g
3020,100058,chléb,0.5,ks
3020,100064,kmín,0.1,g
3020,200033,,300.0,g
3020,300007,kosti,500.0,g
3020,400006,máslo,100.0,g
3020,400009,mléko,0.3,l
3020,400020,vejce,1.0,ks
3020,400023,šlehačka 200ml,1.0,ks
3022,100014,mouka hladká,120.0,g
3022,100033,polévkové koření,0.1,ks
3022,100045,sůl,20.0,g
3022,100064,kmín,1.0,g
3022,100103,veky,0.5,ks
3022,200014,kapusta,600.0,g
3022,300007,kosti,500.0,g
3022,300016,sádlo,70.0,g
3022,300033,špek,30.0,g
3022,400017,tuk hera,20.0,g
3023,100014,mouka hladká,180.0,g
3023,100033,polévkové koření,0.1,ks
3023,100045,sůl,20.0,g
3023,100064,kmín,3.0,g
3023,200033,,150.0,g
3023,300007,kosti,500.0,g
3023,400017,tuk hera,100.0,g
3023,400020,vejce,1.0,ks
3024,100014,mouka hladká,150.0,g
3024,100027,pepř mletý,0.5,g
3024,100033,polévkové koření,0.1,ks
3024,100045,sůl,20.0,g
3024,100072,kroupy,200.0,g
3024,300007,kosti,500.0,g
3024,400009,mléko,0.3,l
3024,400017,tuk hera,100.0,g
3025,100014,mouka hladká,180.0,g
3025,100017,muškátový květ,0.5,g
3025,100033,polévkové koření,0.1,ks
3025,100045,sůl,30.0,g
3025,200017,květák,1.0,ks
3025,300007,kosti,500.0,g
3025,400006,máslo,20.0,g
3025,400009,mléko,0.3,l
3025,400017,tuk hera,80.0,g
3027,100014,mouka hladká,180.0,g
3027,100027,pepř mletý,0.5,g
3027,100033,polévkové koření,0.1,ks
3027,100045,sůl,20.0,g
3027,200033,,200.0,g
3027,300003,hovězí přední,350.0,g
3027,300007,,500.0,g
3027,400009,mléko,0.3,l
3027,400017,tuk hera,100.0,g
3030,100014,mouka hladká,120.0,g
3030,100033,polévkové koření,0.1,ks
3030,100045,sůl,20.0,g
3030,200002,brambory,800.0,g
3030,200028,pórek,400.0,g
3030,200033,,150.0,g
3030,300007,kosti,500.0,g
3030,400009,mléko,0.3,l
3030,400017,tuk hera,100.0,g
3030,400020,vejce,1.0,ks
3031,100005,cukr,20.0,g
3031,100014,mouka hladká,180.0,g
3031,100019,ocet,0.1,ks
3031,100026,pepř celý,0.5,g
3031,100033,polévkové koření,0.1,ks
3031,100040,rajčatový protlak,0.5,ks
3031,100045,sůl,20.0,g
3031,100108,zavářka,100.0,g
3031,300007,kosti,500.0,g
3031,400017,tuk hera,100.0,g
3033,100014,mouka hladká,120.0,g
3033,100027,pepř mletý,0.5,g
3033,100033,polévkové koření,0.1,ks
3033,100043,rýže,100.0,g
3033,100045,sůl,20.0,g
3033,200033,,200.0,g
3033,300007,kosti,500.0,g
3033,400009,mléko,0.3,l
3033,400017,tuk hera,100.0,g
3033,400020,vejce,1.0,ks
3034,100014,mouka hladká,180.0,g
3034,100027,pepř mletý,0.5,g
3034,100033,polévkové koření,0.1,ks
3034,100045,sůl,20.0,g
3034,100108,zavářka,120.0,g
3034,200002,brambory,60.0,g
3034,200006,cibule,100.0,g
3034,300007,kosti,500.0,g
3034,400009,mléko,0.3,l
3034,400017,tuk hera,100.0,g
3035,100018,nové koření,0.5,g
3035,100026,pepř celý,0.5,g
3035,100033,polévkové koření,0.1,ks
3035,100045,sůl,20.0,g
3035,100108,zavářka,100.0,g
3035,200033,,200.0,g
3035,300007,,500.0,g
3035,300007,kosti,200.0,g
3035,300010,slepice,500.0,g
3039,100014,mouka hladká,80.0,g
3039,100017,muškátový květ,0.5,g
3039,100022,ovesné vločky,0.3,ks
3039,100027,pepř mletý,0.5,g
3039,100033,polévkové koření,0.1,ks
3039,100045,sůl,40.0,g
3039,200033,,100.0,g
3039,300007,kosti,500.0,g
3039,400009,mléko,0.3,l
3039,400017,tuk hera,80.0,g
3039,400020,vejce,1.0,ks
3040,100014,mouka hladká,180.0,g
3040,100017,muškátový květ,0.5,g
3040,100027,pepř mletý,0.5,g
3040,100033,polévkové koření,0.1,ks
3040,100045,sůl,20.0,g
3040,200010,hrášek mražený,100.0,g
3040,200014,kapusta,50.0,g
3040,200017,květák,0.3,ks
3040,200028,pórek,50.0,g
3040,200033,,150.0,g
3040,300007,kosti,500.0,g
3040,400009,mléko,0.3,l
3040,400017,tuk hera,80.0,g
3042,100014,mouka hladká,150.0,g
3042,100033,polévkové koření,0.1,ks
3042,100064,kmín,1.0,g
3042,100080,majoránka,0.5,g
3042,100110,zelí sterilované 6,1.0,ks
3042,200002,brambory,600.0,g
3042,300007,kosti,500.0,g
3042,300018,salám výrobní,50.0,g
3042,400017,tuk hera,100.0,g
3045,100015,mouka hrubá,350.0,g
3045,100033,polévkové koření,0.1,ks
3045,100045,sůl,15.0,g
3045,200033,,200.0,g
3045,300007,kosti,500.0,g
3045,400009,mléko,0.5,l
3045,400017,tuk hera,10.0,g
3045,400020,vejce,1.0,ks
3046,100027,pepř mletý,0.5,g
3046,100033,,0.1,ks
3046,100045,sůl,20.0,g
3046,100051,strouhanka,150.0,g
3046,100080,majoránka,0.5,g
3046,100108,zavářka,50.0,g
3046,200006,cibule,30.0,g
3046,200031,česnek,15.0,g
3046,200033,,200.0,g
3046,300005,játra,250.0,g
3046,300007,,500.0,g
3046,400017,tuk hera,25.0,g
3046,400020,vejce,1.0,ks
3052,100015,mouka hrubá,150.0,g
3052,100033,polévkové koření,0.1,ks
3052,100045,sůl,10.0,g
3052,200033,,200.0,g
3052,300007,kosti,500.0,g
3052,400017,tuk hera,10.0,g
3052,400020,vejce,1.0,ks
3055,100014,mouka hladká,120.0,g
3055,100023,paprika mletá,20.0,g
3055,100027,pepř mletý,1.0,g
3055,100045,sůl,30.0,g
3055,200006,cibule,250.0,g
3055,200013,párky,100.0,g
3055,300003,hovězí přední,1000.0,g
3055,300033,špek,20.0,g
3055,400017,tuk hera,100.0,g
3056,100014,mouka hladká,120.0,g
3056,100023,paprika mletá,10.0,g
3056,100027,pepř mletý,0.5,g
3056,100040,rajčatový protlak,0.1,ks
3056,100045,sůl,30.0,g
3056,100064,kmín,1.0,g
3056,200006,cibule,300.0,g
3056,200031,česnek,5.0,g
3056,300003,hovězí přední,1000.0,g
3056,300016,sádlo,100.0,g
3058,100014,mouka hladká,60.0,g
3058,100027,pepř mletý,0.5,g
3058,100045,sůl,30.0,g
3058,200006,cibule,200.0,g
3058,200014,kapusta,1200.0,g
3058,200031,česnek,10.0,g
3058,300003,hovězí přední,1000.0,g
3058,400017,tuk hera,100.0,g
3059,100002,bobkový list,0.5,ks
3059,100005,cukr,20.0,g
3059,100014,mouka hladká,150.0,g
3059,100018,nové koření,0.5,g
3059,100019,ocet,0.1,ks
3059,100026,pepř celý,0.5,g
3059,100045,sůl,30.0,g
3059,100053,hořčice 400g,0.2,ks
3059,100099,tymián,1.0,ks
3059,100200,,1.0,ks
3059,200006,cibule,60.0,g
3059,200007,citron,50.0,g
3059,200034,zelenina pod svíčkovou,200,g
3059,300004,hovězí zadní,1000.0,g
3059,300033,špek,30.0,g
3059,400006,máslo,100.0,g
3059,400023,šlehačka 200ml,1.0,ks
3061,100014,mouka hladká,100.0,g
3061,100027,pepř mletý,0.5,g
3061,100045,sůl,30.0,g
3061,100109,zázvor,2.0,g
3061,200006,cibule,150.0,g
3061,300004,hovězí zadní,1000.0,g
3061,400017,tuk hera,100.0,g
3062,100014,mouka hladká,120.0,g
3062,100020,okurky sterilované,0.3,ks
3062,100023,paprika mletá,10.0,g
3062,100027,pepř mletý,0.5,g
3062,100040,rajčatový protlak,0.3,ks
3062,100045,sůl,30.0,g
3062,200006,cibule,150.0,g
3062,200025,papriky,150.0,g
3062,200029,rajčata,150.0,g
3062,300004,hovězí zadní,1000.0,g
3062,300033,špek,20.0,g
3062,400017,tuk hera,100.0,g
3063,100014,mouka hladká,100.0,g
3063,100023,paprika mletá,15.0,g
3063,100027,pepř mletý,3.0,g
3063,100045,sůl,30.0,g
3063,200006,cibule,150.0,g
3063,200013,párky,100.0,g
3063,300004,hovězí zadní,1000.0,g
3063,400017,tuk hera,100.0,g
3064,100014,mouka hladká,100.0,g
3064,100027,pepř mletý,0.5,g
3064,100040,rajčatový protlak,0.3,ks
3064,100045,sůl,30.0,g
3064,200006,cibule,150.0,g
3064,200020,mrkev,100.0,g
3064,200025,papriky,200.0,g
3064,200026,petržel,100.0,g
3064,200029,rajčata,150.0,g
3064,300004,hovězí zadní,1000.0,g
3064,400017,tuk hera,100.0,g
3065,100014,mouka hladká,100.0,g
3065,100027,pepř mletý,0.5,g
3065,100045,sůl,30.0,g
3065,200006,cibule,200.0,g
3065,300004,hovězí zadní,1000.0,g
3065,400017,tuk hera,100.0,g
3065,400020,vejce,1.5,ks
3066,100014,mouka hladká,100.0,g
3066,100020,okurky sterilované,0.3,ks
3066,100027,pepř mletý,0.5,g
3066,100045,sůl,30.0,g
3066,100053,hořčice 400g,0.5,ks
3066,200006,cibule,150.0,g
3066,300004,hovězí zadní,1000.0,g
3066,300018,salám výrobní,100.0,g
3066,300033,špek,50.0,g
3066,400017,tuk hera,100.0,g
3066,400020,vejce,1.5,ks
3069,100014,mouka hladká,100.0,g
3069,100027,pepř mletý,0.5,g
3069,100045,sůl,30.0,g
3069,100053,hořčice 400g,0.2,ks
3069,200006,cibule,150.0,g
3069,300004,hovězí zadní,1000.0,g
3069,300033,špek,25.0,g
3069,400017,tuk hera,100.0,g
3069,400020,vejce,5.0,ks
3070,100014,mouka hladká,150.0,g
3070,100023,paprika mletá,20.0,g
3070,100045,sůl,30.0,g
3070,200006,cibule,150.0,g
3070,300004,hovězí zadní,1000.0,g
3070,400017,tuk hera,100.0,g
3070,400023,šlehačka 200ml,1.0,ks
3071,100014,mouka hladká,100.0,g
3071,100027,pepř mletý,0.5,g
3071,100045,sůl,30.0,g
3071,200006,cibule,150.0,g
3071,300004,hovězí zadní,1000.0,g
3071,400017,tuk hera,100.0,g
3072,100014,mouka hladká,100.0,g
3072,100018,nové koření,0.5,g
3072,100020,okurky sterilované,0.3,ks
3072,100027,pepř mletý,0.5,g
3072,100045,sůl,30.0,g
3072,300004,hovězí zadní,1000.0,g
3072,400017,tuk hera,100.0,g
3075,100014,mouka hladká,150.0,g
3075,100023,paprika mletá,20.0,g
3075,100045,sůl,30.0,g
3075,200006,cibule,150.0,g
3075,300029,telecí maso,1000.0,g
3075,400006,máslo,100.0,g
3075,400009,mléko,0.5,l
3075,400023,šlehačka 200ml,0.3,ks
3078,100014,mouka hladká,50.0,g
3078,100045,sůl,30.0,g
3078,300022,telecí maso,1100.0,g
3078,400006,máslo,100.0,g
3082,100014,mouka hladká,50.0,g
3082,100045,sůl,30.0,g
3082,300022,telecí maso,1000.0,g
3082,400006,máslo,150.0,g
3083,100027,pepř mletý,0.5,g
3083,100043,rýže,900.0,g
3083,100045,sůl,30.0,g
3083,200006,cibule,100.0,g
3083,200010,hrášek mražený,100.0,g
3083,300029,vepřová plec,1000.0,g
3083,400017,tuk hera,100.0,g
3084,100014,mouka hladká,50.0,g
3084,100045,sůl,30.0,g
3084,100064,kmín,10.0,g
3084,300016,sádlo,100.0,g
3084,300027,vepřová krkovice,1200.0,g
3085,100014,mouka hladká,50.0,g
3085,100045,sůl,30.0,g
3085,200006,cibule,100.0,g
3085,200031,česnek,20.0,g
3085,300016,sádlo,100.0,g
3085,300027,vepřová krkovice,1000.0,g
3087,100014,mouka hladká,50.0,g
3087,100027,pepř mletý,0.5,g
3087,100045,sůl,30.0,g
3087,200006,cibule,150.0,g
3087,200014,kapusta,1000.0,g
3087,200031,česnek,10.0,g
3087,300029,vepřová plec,1000.0,g
3087,400017,tuk hera,100.0,g
3088,100005,cukr,30.0,g
3088,100014,mouka hladká,50.0,g
3088,100027,pepř mletý,0.5,g
3088,100045,sůl,30.0,g
3088,200015,kedlubny,7.0,ks
3088,300029,vepřová plec,1000.0,g
3088,400009,mléko,0.3,l
3088,400017,tuk hera,100.0,g
3089,100005,cukr,10.0,g
3089,100014,mouka hladká,50.0,g
3089,100017,muškátový květ,0.5,g
3089,100019,ocet,0.1,ks
3089,100027,pepř mletý,0.5,g
3089,100045,sůl,30.0,g
3089,200006,cibule,50.0,g
3089,200020,mrkev,1000.0,g
3089,300029,vepřová plec,1000.0,g
3089,400017,tuk hera,100.0,g
3090,100014,mouka hladká,100.0,g
3090,100045,sůl,30.0,g
3090,100064,kmín,5.0,g
3090,200006,cibule,150.0,g
3090,300029,vepřová plec,1000.0,g
3090,400017,tuk hera,100.0,g
3091,300024,uzená krkovice,1200.0,g
3092,100014,mouka hladká,100.0,g
3092,100021,olej,0.3,ks
3092,100045,sůl,25.0,g
3092,100051,strouhanka,200.0,g
3092,300027,vepřová krkovice,1200.0,g
3092,400009,mléko,0.2,l
3092,400020,vejce,2.0,ks
3093,100014,mouka hladká,50.0,g
3093,100017,muškátový květ,0.5,g
3093,100045,sůl,10.0,g
3093,100045,sůl,30.0,g
3093,100064,kmín,2.0,g
3093,100103,veky,0.5,ks
3093,200027,petrželová nat,20.0,g
3093,300016,sádlo,100.0,g
3093,300029,vepřový bok,1200.0,g
3093,400009,mléko,0.2,l
3093,400017,tuk hera,20.0,g
3093,400020,vejce,2.0,ks
3094,100014,mouka hladká,100.0,g
3094,100023,paprika mletá,25.0,g
3094,100027,pepř mletý,0.5,g
3094,100040,rajčatový protlak,0.3,ks
3094,100045,sůl,30.0,g
3094,100064,kmín,1.0,g
3094,100080,majoránka,0.5,g
3094,200006,cibule,200.0,g
3094,200031,česnek,20.0,g
3094,300029,vepřová plec,1000.0,g
3094,400017,tuk hera,100.0,g
3095,100005,cukr,25.0,g
3095,100014,mouka hladká,100.0,g
3095,100023,paprika mletá,10.0,g
3095,100045,sůl,30.0,g
3095,100064,kmín,0.5,g
3095,100110,zelí sterilované 6,0.5,ks
3095,200006,cibule,150.0,g
3095,300029,vepřová plec,1000.0,g
3095,400017,tuk hera,100.0,g
3095,400023,šlehačka 200ml,1.0,ks
3096,100014,mouka hladká,50.0,g
3096,100027,pepř mletý,0.5,g
3096,100045,sůl,30.0,g
3096,200006,cibule,150.0,g
3096,300016,sádlo,100.0,g
3096,300026,vepřová krkovice,1200.0,g
3097,100014,mouka hladká,50.0,g
3097,100020,okurky sterilované,0.3,ks
3097,100053,hořčice 400g,0.2,ks
3097,200006,,100.0,g
3097,300017,salám gothaj,100.0,g
3097,300028,vepřová kýta,1000.0,g
3097,400006,máslo,10.0,g
3097,400020,vejce,2.0,ks
3098,100014,mouka hladká,100.0,g
3098,100021,olej,0.3,ks
3098,100045,sůl,25.0,g
3098,100051,strouhanka,200.0,g
3098,300028,vepřová kýta,1000.0,g
3098,400009,mléko,0.2,l
3098,400020,vejce,2.0,ks
3099,100014,mouka hladká,100.0,g
3099,100021,olej,0.3,ks
3099,100045,sůl,30.0,g
3099,100051,strouhanka,200.0,g
3099,300029,vepřový bok,1200.0,g
3099,400001,eidam,200.0,g
3099,400009,mléko,0.2,l
3099,400009,mléko,0.2,l
3099,400020,,1.5,ks
3106,100018,nové koření,0.5,g
3106,100027,pepř mletý,0.5,g
3106,100045,sůl,30.0,g
3106,100080,majoránka,0.5,g
3106,100103,veky,1.0,ks
3106,200006,cibule,50.0,g
3106,200031,česnek,15.0,g
3106,300005,játra,100.0,g
3106,300011,mleté maso,2000.0,g
3106,300016,sádlo,75.0,g
3107,100021,olej,0.1,ks
3107,100027,pepř mletý,0.5,g
3107,100045,sůl,20.0,g
3107,100051,strouhanka,50.0,g
3107,100080,majoránka,0.5,g
3107,100103,veky,0.4,ks
3107,200006,cibule,20.0,g
3107,300003,,500.0,g
3107,300049,mleté maso,600.0,g
3107,400020,vejce,1.0,ks
3108,100014,mouka hladká,100.0,g
3108,100021,olej,0.2,ks
3108,100027,pepř mletý,0.5,g
3108,100045,sůl,20.0,g
3108,100051,strouhanka,30.0,g
3108,100051,strouhanka,200.0,g
3108,100080,majoránka,0.5,g
3108,200006,cibule,20.0,g
3108,200031,česnek,5.0,g
3108,300003,,500.0,g
3108,300049,mleté maso,600.0,g
3108,400009,mléko,0.3,l
3108,400020,vejce,1.0,ks
3108,400020,vejce,2.0,ks
3109,100014,mouka hladká,50.0,g
3109,100027,pepř mletý,0.5,g
3109,100045,sůl,25.0,g
3109,100051,strouhanka,30.0,g
3109,200006,cibule,100.0,g
3109,200010,hrášek mražený,200.0,g
3109,300003,,500.0,g
3109,300049,mleté maso,600.0,g
3109,400017,tuk hera,100.0,g
3109,400020,vejce,1.0,ks
3114,100002,bobkový list,0.5,ks
3114,100005,cukr,40.0,g
3114,100014,mouka hladká,120.0,g
3114,100018,nové koření,0.1,g
3114,100019,ocet,0.1,ks
3114,100023,paprika mletá,10.0,g
3114,100026,pepř celý,0.5,g
3114,100027,pepř mletý,1.0,g
3114,100040,rajčatový protlak,0.5,ks
3114,100043,rýže,50.0,g
3114,100045,sůl,30.0,g
3114,100051,strouhanka,50.0,g
3114,200006,cibule,100.0,g
3114,200025,papriky,1000.0,g
3114,200033,zelenina mražená,100.0,g
3114,300003,,600.0,g
3114,300049,mleté maso,500.0,g
3114,400020,vejce,1.0,ks
3115,100014,mouka hladká,50.0,g
3115,100018,nové koření,0.5,g
3115,100027,pepř mletý,0.5,g
3115,100045,sůl,30.0,g
3115,100103,veky,0.4,ks
3115,200006,cibule,100.0,g
3115,200035,zelí hlávkové,800.0,g
3115,300003,mleté maso,600.0,g
3115,300033,špek,25.0,g
3115,300049,,500.0,g
3115,400017,tuk hera,100.0,g
3116,100014,mouka hladká,50.0,g
3116,100027,pepř mletý,0.5,g
3116,100045,sůl,20.0,g
3116,100051,strouhanka,100.0,g
3116,100080,majoránka,0.5,g
3116,200006,cibule,40.0,g
3116,200031,česnek,5.0,g
3116,300003,,500.0,g
3116,300049,mleté maso,600.0,g
3116,400017,tuk hera,50.0,g
3116,400020,vejce,1.0,ks
3117,100014,mouka hladká,50.0,g
3117,100027,pepř mletý,0.5,g
3117,100045,sůl,20.0,g
3117,100049,sojové maso,25.0,g
3117,100051,strouhanka,100.0,g
3117,100080,majoránka,0.5,g
3117,200006,cibule,40.0,g
3117,200031,česnek,5.0,g
3117,300049,mleté maso,800.0,g
3117,400017,tuk hera,100.0,g
3117,400020,vejce,1.0,ks
3119,100014,mouka hladká,50.0,g
3119,100027,pepř mletý,0.5,g
3119,100045,sůl,25.0,g
3119,100051,strouhanka,100.0,g
3119,200006,cibule,50.0,g
3119,300029,mleté maso,1000.0,g
3119,400017,tuk hera,100.0,g
3119,400020,vejce,1.0,ks
3121,100014,mouka hladká,100.0,g
3121,100027,pepř mletý,0.5,g
3121,100045,sůl,30.0,g
3121,200006,cibule,200.0,g
3121,300005,játra,1000.0,g
3121,300033,špek,50.0,g
3121,400017,tuk hera,100.0,g
3123,100014,mouka hladká,120.0,g
3123,100027,pepř mletý,1.0,g
3123,100045,sůl,30.0,g
3123,200006,cibule,200.0,g
3123,300005,játra,1500.0,g
3123,300033,špek,50.0,g
3123,400017,tuk hera,100.0,g
3125,100002,bobkový list,0.5,ks
3125,100005,cukr,50.0,g
3125,100014,mouka hladká,120.0,g
3125,100018,nové koření,0.5,g
3125,100019,ocet,0.1,ks
3125,100026,pepř celý,0.5,g
3125,100028,perník na strouhání,1,ks
3125,100034,povidla švestková,0.5,ks
3125,100040,rajčatový protlak,0.3,ks
3125,100042,rozinky,20.0,g
3125,100045,sůl,30.0,g
3125,100083,mandle,10.0,g
3125,200006,cibule,50.0,g
3125,200007,citron,50.0,g
3125,200033,zelenina mražená,150.0,g
3125,300003,hovězí přední,1000.0,g
3125,400017,tuk hera,100.0,g
3132,100014,mouka hladká,100.0,g
3132,100027,pepř mletý,0.5,g
3132,100045,sůl,30.0,g
3132,200006,cibule,150.0,g
3132,300033,špek,50.0,g
3132,300051,,1200.0,g
3132,400017,tuk hera,100.0,g
3134,100053,hořčice 400g,0.5,ks
3134,200013,párky,1500.0,g
3135,100021,olej,0.1,ks
3135,300017,salám gothaj,1000.0,g
3136,100014,mouka hladká,100.0,g
3136,100021,olej,0.2,ks
3136,100051,strouhanka,200.0,g
3136,300017,salám gothaj,1000.0,g
3136,400009,mléko,0.2,l
3136,400020,vejce,2.0,ks
3138,200006,cibule,200.0,g
3138,300023,tlačenka,1500.0,g
3139,100054,hořčice porce,1.0,ks
3139,300031,vuřty,1000.0,g
3148,100027,pepř mletý,1.0,g
3148,100043,rýže,900.0,g
3148,100045,sůl,30.0,g
3148,200006,cibule,100.0,g
3148,200010,hrášek mražený,50.0,g
3148,300021,slepice,1500.0,g
3148,400001,eidam,200.0,g
3148,400017,tuk hera,150.0,g
3149,100002,bobkový list,0.5,ks
3149,100014,mouka hladká,150.0,g
3149,100018,nové koření,0.1,g
3149,100023,paprika mletá,15.0,g
3149,100045,sůl,30.0,g
3149,200006,cibule,100.0,g
3149,300021,slepice,250.0,g
3149,400006,máslo,100.0,g
3149,400009,mléko,0.3,l
3149,400023,šlehačka 200ml,0.5,ks
3155,100014,mouka hladká,150.0,g
3155,100021,olej,0.3,ks
3155,100045,sůl,40.0,g
3155,100051,strouhanka,250.0,g
3155,300012,pangas,1500.0,g
3155,400009,mléko,0.2,l
3155,400020,vejce,2.0,ks
3158,100005,cukr,100.0,g
3158,100014,mouka hladká,150.0,g
3158,100019,ocet,0.1,ks
3158,100045,sůl,30.0,g
3158,100071,kopr sterilovaný,0.5,ks
3158,300003,hovězí přední,1000.0,g
3158,400006,máslo,100.0,g
3158,400009,mléko,1.0,l
3158,400020,vejce,1.0,ks
3158,400023,šlehačka 200ml,1.0,ks
3159,100002,bobkový list,0.5,ks
3159,100005,cukr,100.0,g
3159,100014,mouka hladká,120.0,g
3159,100018,nové koření,1.0,g
3159,100019,ocet,0.1,ks
3159,100026,pepř celý,1.0,g
3159,100040,rajčatový protlak,0.5,ks
3159,100045,sůl,10.0,g
3159,100047,skořice,0.2,ks
3159,200006,cibule,50.0,g
3159,200020,mrkev,150.0,g
3159,300003,hovězí přední,1000.0,g
3159,400017,tuk hera,100.0,g
3164,100005,cukr,30.0,g
3164,100014,mouka hladká,150.0,g
3164,100018,nové koření,1.0,g
3164,100019,ocet,0.1,ks
3164,100020,okurky sterilované,0.5,ks
3164,100045,sůl,10.0,g
3164,200006,cibule,150.0,g
3164,400009,mléko,1.3,l
3164,400017,tuk hera,100.0,g
3164,400023,šlehačka 200ml,1.0,ks
3166,100026,pepř celý,1.0,g
3166,100045,sůl,10.0,g
3166,200006,cibule,200.0,g
3166,200028,pórek,300.0,g
3166,400009,mléko,1.5,l
3166,400017,tuk hera,100.0,g
3166,400023,šlehačka 200ml,1.0,ks
3168,100005,cukr,50.0,g
3168,100014,mouka hladká,150.0,g
3168,100017,muškátový květ,1.0,g
3168,100019,ocet,0.1,ks
3168,100045,sůl,20.0,g
3168,100076,křen steril,1.0,ks
3168,300003,,1000.0,g
3168,400006,máslo,100.0,g
3168,400009,mléko,1.3,l
3168,400023,šlehačka 200ml,1.0,ks
3169,100045,sůl,30.0,g
3169,100051,strouhanka,0.5,g
3169,100064,kmín,1.0,g
3169,200002,brambory,5000.0,g
3169,200006,cibule,100.0,g
3169,200010,hrášek mražený,150.0,g
3169,300017,salám gothaj,1000.0,g
3169,400009,mléko,0.3,l
3169,400017,tuk hera,200.0,g
3169,400020,vejce,5.0,ks
3170,100014,mouka hladká,200.0,g
3170,100023,paprika mletá,20.0,g
3170,100027,pepř mletý,0.5,g
3170,100045,sůl,20.0,g
3170,100064,kmín,0.5,g
3170,100080,majoránka,0.5,g
3170,200002,brambory,2500.0,g
3170,200006,cibule,200.0,g
3170,300017,salám gothaj,500.0,g
3170,400017,tuk hera,100.0,g
3172,100003,bramborové knedlíky,1300.0,g
3172,100014,mouka hladká,80.0,g
3172,100015,mouka hrubá,80.0,g
3172,100036,prášek do pečiva,1.3,ks
3172,300025,uzený bok,1200.0,g
3172,400020,vejce,1.3,ks
3175,100014,mouka hladká,30.0,g
3175,100045,sůl,30.0,g
3175,100051,strouhanka,50.0,g
3175,100100,těstoviny,1000.0,g
3175,200010,hrášek mražený,500.0,g
3175,300025,uzený bok,1000.0,g
3175,400001,eidam,50.0,g
3175,400009,mléko,0.3,l
3175,400017,tuk hera,200.0,g
3175,400017,tuk hera,200.0,g
3175,400020,vejce,2.0,ks
3176,100045,sůl,30.0,g
3176,100051,strouhanka,50.0,g
3176,100100,těstoviny,1000.0,g
3176,300018,salám výrobní,1000.0,g
3176,400009,mléko,0.3,l
3176,400020,vejce,5.0,ks
3177,100014,mouka hladká,400.0,g
3177,100021,olej,0.3,ks
3177,100027,pepř mletý,0.5,g
3177,100045,sůl,30.0,g
3177,100080,majoránka,0.5,g
3177,100110,zelí sterilované 640,2.0,ks
3177,200002,brambory,4200.0,g
3177,200031,česnek,30.0,g
3177,400009,mléko,0.3,l
3177,400020,vejce,2.0,ks
3178,100015,mouka hrubá,500.0,g
3178,100045,sůl,30.0,g
3178,100073,krupice hrubá,150.0,g
3178,200002,brambory,3000.0,g
3178,200006,cibule,500.0,g
3178,300016,sádlo,200.0,g
3178,400020,vejce,2.0,ks
3181,100005,cukr,10.0,g
3181,100014,mouka hladká,100.0,g
3181,100019,ocet,0.1,ks
3181,100045,sůl,30.0,g
3181,100097,čočka,1100.0,g
3181,200006,cibule,500.0,g
3181,300016,sádlo,100.0,g
3181,400017,tuk hera,50.0,g
3185,100045,sůl,30.0,g
3185,100055,hrách,1500.0,g
3185,300016,sádlo,100.0,g
3185,300033,špek,50.0,g
3186,100014,mouka hladká,80.0,g
3186,100015,mouka hrubá,1200.0,g
3186,100036,prášek do pečiva,1.2,ks
3186,100045,sůl,20.0,g
3186,100103,veky,0.5,ks
3186,400009,mléko,0.6,l
3186,400017,tuk hera,100.0,g
3186,400020,vejce,1.2,ks
3186,400020,vejce,20.0,ks
3187,100045,sůl,40.0,g
3187,200002,brambory,4000.0,g
3187,200024,pažitka,10.0,g
3187,400006,máslo,200.0,g
3187,400019,tvaroh tvrdý,300.0,g
3188,100005,cukr,120.0,g
3188,100005,cukr,200.0,g
3188,100007,,1.0,ks
3188,100011,droždí ks,1.0,ks
3188,100014,mouka hladká,0.5,g
3188,100016,mouka polohrubá,1400.0,g
3188,100021,,0.1,ks
3188,100037,,3.0,ks
3188,100045,sůl,20.0,g
3188,400009,mléko,1.3,l
3188,400009,mléko,1.5,l
3188,400017,tuk hera,120.0,g
3188,400020,vejce,1.0,ks
3189,100014,mouka hladká,30.0,g
3189,100019,ocet,0.1,ks
3189,100033,,0.1,ks
3189,100071,kopr sterilovaný,0.2,ks
3189,200002,brambory,2500.0,g
3189,300007,,500.0,g
3189,400017,tuk hera,20.0,g
3189,400020,vejce,2.0,ks
3189,400023,šlehačka 200ml,0.5,ks
3191,100005,cukr,100.0,g
3191,100006,cukr moučka,150.0,g
3191,100045,sůl,5.0,g
3191,100047,skořice,0.2,ks
3191,100060,kakao,10.0,g
3191,100074,krupička dětská,640.0,g
3191,400006,máslo,150.0,g
3191,400009,mléko,5.0,l
3192,100005,cukr,90.0,g
3192,100006,cukr moučka,150.0,g
3192,100043,rýže,650.0,g
3192,100045,sůl,10.0,g
3192,100047,skořice,0.2,ks
3192,100060,kakao,10.0,g
3192,400006,máslo,100.0,g
3192,400009,mléko,5.0,l
3192,400017,tuk hera,90.0,g
3193,100005,cukr,30.0,g
3193,100006,cukr moučka,200.0,g
3193,100011,droždí ks,1.0,ks
3193,100014,mouka hladká,80.0,g
3193,100016,mouka hrubá,1500.0,g
3193,100034,povidla švestková,1.0,ks
3193,100045,sůl,5.0,g
3193,100045,sůl,10.0,g
3193,100047,skořice,0.2,ks
3193,400006,máslo,200.0,g
3193,400009,mléko,0.7,l
3193,400019,tvaroh tvrdý,350.0,g
3193,400020,vejce,1.5,ks
3194,100005,cukr,100.0,g
3194,100030,piškoty,1.0,ks
3194,100037,puding,8.0,ks
3194,400009,mléko,4.0,l
3196,100005,cukr,280.0,g
3196,100006,cukr moučka,35.0,g
3196,100045,sůl,10.0,g
3196,100046,sirup,0.3,ks
3196,100051,strouhanka,30.0,g
3196,100074,krupice hrubá,1100.0,g
3196,400006,máslo,150.0,g
3196,400009,mléko,3.5,l
3196,400017,tuk hera,20.0,g
3196,400020,vejce,7.0,ks
3198,100005,cukr,250.0,g
3198,100007,cukr vanilkový,1.0,ks
3198,100043,rýže,1200.0,g
3198,100045,sůl,4.0,g
3198,100070,kompot 700g,2.0,ks
3198,400006,máslo,150.0,g
3198,400009,mléko,2.0,l
3198,400017,tuk hera,20.0,g
3198,400020,vejce,5.0,ks
3199,100005,cukr,60.0,g
3199,100006,cukr moučka,80.0,g
3199,100009,džem 400g,1.5,ks
3199,100014,mouka hladká,1000.0,g
3199,100021,olej,0.2,ks
3199,100045,sůl,10.0,g
3199,400009,mléko,1.5,l
3199,400020,vejce,3.0,ks
3201,100006,cukr moučka,200.0,g
3201,100015,mouka hrubá,450.0,g
3201,100045,sůl,45.0,g
3201,100051,strouhanka,300.0,g
3201,100073,krupice hrubá,150.0,g
3201,200002,brambory,2500.0,g
3201,400006,máslo,200.0,g
3201,400020,vejce,1.0,ks
3202,100006,cukr moučka,250.0,g
3202,100015,mouka hrubá,750.0,g
3202,100045,sůl,30.0,g
3202,200002,brambory,5000.0,g
3202,400006,,200.0,g
3202,400019,tvaroh tvrdý,250.0,g
3204,100006,cukr moučka,200.0,g
3204,100045,sůl,30.0,g
3204,100100,těstoviny,1200.0,g
3204,400006,máslo,200.0,g
3204,400017,tuk hera,30.0,g
3204,400019,tvaroh tvrdý,200.0,g
3205,100021,olej,0.1,ks
3205,100063,kečup 500g,1.0,ks
3205,100112,špagety,1000.0,g
3205,400001,eidam,200.0,g
3205,400006,máslo,40.0,g
3206,100005,cukr,250.0,g
3206,100045,sůl,5.0,g
3206,100047,skořice,0.2,ks
3206,100103,veky,5.0,ks
3206,200012,jablka,2000.0,g
3206,400009,mléko,1.3,l
3206,400017,tuk hera,200.0,g
3206,400020,vejce,2.0,ks
3207,100005,cukr,200.0,g
3207,100006,cukr moučka,150.0,g
3207,100045,sůl,2.0,g
3207,100103,veky,5.0,ks
3207,400009,mléko,1.3,l
3207,400017,tuk hera,150.0,g
3207,400018,tvaroh měkký,1500.0,g
3207,400020,vejce,2.0,ks
3208,100021,olej,0.1,ks
3208,100045,sůl,20.0,g
3208,200006,cibule,50.0,g
3208,300009,kuřecí prsa,1000.0,g
3208,400013,sýr tavený,300.0,g
3208,400023,šlehačka 200ml,1.0,ks
3210,100014,mouka hladká,30.0,g
3210,100027,pepř mletý,0.5,g
3210,100045,sůl,30.0,g
3210,200006,cibule,100.0,g
3210,200014,kapusta,2000.0,g
3210,200031,česnek,10.0,g
3210,300018,salám výrobní,600.0,g
3210,300033,špek,40.0,g
3210,400017,tuk hera,60.0,g
3211,100014,mouka hladká,100.0,g
3211,100021,olej,0.3,ks
3211,100027,pepř mletý,1.0,g
3211,100045,sůl,30.0,g
3211,100051,strouhanka,250.0,g
3211,100051,strouhanka,300.0,g
3211,200006,cibule,100.0,g
3211,200014,kapusta,1500.0,g
3211,200031,česnek,10.0,g
3211,300029,mleté maso,600.0,g
3211,300033,špek,50.0,g
3211,400009,mléko,0.2,l
3211,400020,vejce,2.0,ks
3211,400020,vejce,2.0,ks
3212,100014,mouka hladká,200.0,g
3212,100021,olej,0.5,ks
3212,100045,sůl,50.0,g
3212,100051,strouhanka,250.0,g
3212,200017,květák,3.0,ks
3212,400009,mléko,0.3,l
3212,400020,vejce,2.0,ks
3214,100045,sůl,30.0,g
3214,200006,cibule,50.0,g
3214,200017,květák,3.0,ks
3214,400017,tuk hera,50.0,g
3214,400020,vejce,15.0,ks
3215,100045,sůl,30.0,g
3215,200006,cibule,400.0,g
3215,200025,papriky,1500.0,g
3215,200029,rajčata,1500.0,g
3215,300018,salám výrobní,500.0,g
3215,400017,tuk hera,100.0,g
3215,400020,vejce,20.0,ks
3216,100005,cukr,20.0,g
3216,100014,mouka hladká,40.0,g
3216,100045,sůl,20.0,g
3216,200020,mrkev,2000.0,g
3216,400006,máslo,100.0,g
3218,100014,mouka hladká,40.0,g
3218,100027,pepř mletý,0.5,g
3218,100045,sůl,30.0,g
3218,200006,cibule,100.0,g
3218,200031,česnek,5.0,g
3218,200037,špenát mražený,1000.0,g
3218,400006,máslo,100.0,g
3218,400009,mléko,0.2,l
3218,400020,vejce,0.4,ks
3222,100043,rýže,900.0,g
3222,100045,sůl,30.0,g
3222,200003,brokolice mražená,100.0,g
3222,200005,celer,100.0,g
3222,200006,cibule,100.0,g
3222,200010,hrášek mražený,100.0,g
3222,200020,mrkev,100.0,g
3222,200025,papriky,100.0,g
3222,200029,rajčata,150.0,g
3222,400001,eidam,100.0,g
3222,400017,tuk hera,150.0,g
3224,100005,cukr,50.0,g
3224,100014,mouka hladká,25.0,g
3224,100019,ocet,0.1,ks
3224,100045,sůl,30.0,g
3224,100064,kmín,1.0,g
3224,200006,cibule,150.0,g
3224,200035,zelí hlávkové,1500.0,g
3224,300016,sádlo,50.0,g
3225,100005,cukr,30.0,g
3225,100014,mouka hladká,20.0,g
3225,100045,sůl,10.0,g
3225,100064,kmín,1.0,g
3225,100110,zelí sterilované 640,2.0,ks
3225,200006,cibule,150.0,g
3225,300016,sádlo,50.0,g
3226,100005,cukr,50.0,g
3226,100019,ocet,0.1,ks
3226,100021,olej,0.0,ks
3226,100045,sůl,10.0,g
3226,200040,salát hlávkový,5.0,ks
3227,100005,cukr,20.0,g
3227,100019,ocet,0.1,ks
3227,100027,pepř mletý,1.0,g
3227,100045,sůl,20.0,g
3227,200023,okurky salátové,1500.0,g
3228,100004,citronová štáva,100.0,g
3228,100005,cukr,40.0,g
3228,100045,sůl,1.0,g
3228,200020,mrkev,1300.0,g
3230,100005,cukr,30.0,g
3230,100019,ocet,0.1,ks
3230,100021,olej,0.0,ks
3230,100045,sůl,30.0,g
3230,100064,kmín,3.0,g
3230,200006,cibule,100.0,g
3230,200035,zelí hlávkové,1000.0,g
3231,100005,cukr,50.0,g
3231,100019,ocet,0.1,ks
3231,100020,okurky sterilované,0.3,ks
3231,100021,olej,0.0,ks
3231,100045,sůl,10.0,g
3231,100110,zelí sterilované 6,2.0,ks
3231,200006,cibule,100.0,g
3232,100005,cukr,30.0,g
3232,100019,ocet,0.1,ks
3232,100021,olej,0.0,ks
3232,100027,pepř mletý,0.5,g
3232,100045,sůl,30.0,g
3232,100201,,0.1,ks
3232,200006,cibule,100.0,g
3232,200029,rajčata,1000.0,g
3233,100021,olej,0.3,ks
3233,100045,sůl,20.0,g
3233,100053,hořčice 400g,0.1,ks
3233,400020,vejce,6.0,ks
3235,100020,okurky sterilované,0.5,ks
3235,100058,chléb,1.0,ks
3235,200029,rajčata,1000.0,g
3235,300019,salám šunkový,400.0,g
3235,400001,eidam,300.0,g
3235,400006,máslo,100.0,g
3235,400020,vejce,10.0,ks
3236,100020,okurky sterilované,0.5,ks
3236,100058,chléb,1.0,ks
3236,200006,cibule,100.0,g
3236,200025,papriky,200.0,g
3236,300017,salám gothaj,300.0,g
3236,400013,sýr tavený,150.0,g
3237,100020,okurky sterilované,0.3,ks
3237,100058,chléb,1.0,ks
3237,200029,rajčata,1000.0,g
3237,300019,salám šunkový,300.0,g
3237,400014,sýr troj,10.0,ks
3237,400020,vejce,10.0,ks
3238,100020,okurky sterilované,0.3,ks
3238,100058,chléb,1.0,ks
3238,200014,paštika krájená,200.0,g
3238,200029,rajčata,200.0,g
3238,300019,salám šunkový,400.0,g
3238,400001,eidam,200.0,g
3239,100021,olej,0.2,ks
3239,100045,sůl,5.0,g
3239,100058,chléb,0.5,ks
3239,200031,česnek,20.0,g
3241,100011,droždí ks,3.0,ks
3241,100045,sůl,10.0,g
3241,100051,strouhanka,50.0,g
3241,100053,hořčice 400g,0.2,ks
3241,200006,cibule,60.0,g
3241,300016,sádlo,100.0,g
3241,300018,salám výrobní,100.0,g
3241,400009,mléko,0.3,l
3241,400020,vejce,10.0,ks
3242,100053,hořčice 400g,0.2,ks
3242,200006,cibule,50.0,g
3242,300018,salám výrobní,200.0,g
3242,400007,máslo pomazánkové,0.5,ks
3242,400013,sýr tavený,500.0,g
3242,400020,vejce,2.0,ks
3243,100020,okurky sterilované,0.3,ks
3243,100045,sůl,5.0,g
3243,100053,hořčice 400g,0.2,ks
3243,200006,cibule,60.0,g
3243,300018,salám výrobní,500.0,g
3243,400007,máslo pomazánkové,0.5,ks
3244,100045,sůl,5.0,g
3244,100053,hořčice 400g,0.2,ks
3244,200006,cibule,50.0,g
3244,400007,máslo pomazánkové,0.5,ks
3244,400009,mléko,0.1,l
3244,400013,sýr tavený,500.0,g
3245,100023,paprika mletá,1.0,g
3245,100045,sůl,5.0,g
3245,100064,kmín,3.0,g
3245,200006,cibule,50.0,g
3245,400007,máslo pomazánkové,0.5,ks
3245,400018,tvaroh měkký,1000.0,g
3246,100045,sůl,52.0,g
3246,100053,hořčice 400g,0.2,ks
3246,200002,brambory,500.0,g
3246,200006,cibule,80.0,g
3246,400007,máslo pomazánkové,1.0,ks
3246,400020,vejce,10.0,ks
3247,100045,sůl,5.0,g
3247,100053,hořčice 400g,0.2,ks
3247,100098,,2.0,ks
3247,200006,cibule,60.0,g
3247,400007,máslo pomazánkové,1.0,ks
3247,400018,,0.3,kg
3248,100045,sůl,40.0,g
3248,200002,brambory,4000.0,g
3248,400006,máslo,100.0,g
3248,400009,mléko,0.3,l
3249,100014,mouka hladká,600.0,g
3249,100021,olej,0.3,ks
3249,100045,sůl,70.0,g
3249,200002,brambory,2500.0,g
3249,400020,vejce,1.0,ks
3250,100005,cukr,20.0,g
3250,100019,ocet,0.1,ks
3250,100020,okurky sterilované,0.3,ks
3250,100027,pepř mletý,1.0,g
3250,100045,sůl,30.0,g
3250,100053,hořčice 400g,0.2,ks
3250,100202,,1.0,ks
3250,200002,brambory,3000.0,g
3250,200006,cibule,200.0,g
3250,200010,hrášek mražený,30.0,g
3250,300018,salám výrobní,20.0,g
3250,400005,majonéza 440g,0.5,ks
3250,400020,vejce,2.0,ks
3252,100003,bramborové knedlíky,1200.0,g
3252,100014,mouka hladká,100.0,g
3252,100015,mouka hrubá,100.0,g
3252,100036,prášek do pečiva,0.5,ks
3252,400020,vejce,2.0,ks
3254,100045,sůl,60.0,g
3254,100064,kmín,10.0,g
3254,200002,brambory,4000.0,g
3255,100014,mouka hladká,100.0,g
3255,100015,mouka hrubá,1000.0,g
3255,100036,prášek do pečiva,1.0,ks
3255,100045,sůl,20.0,g
3255,100103,veky,0.5,ks
3255,400009,mléko,0.3,l
3255,400020,vejce,1.0,ks
3256,100011,droždí ks,1.0,ks
3256,100014,mouka hladká,100.0,g
3256,100015,mouka hrubá,1000.0,g
3256,100045,sůl,20.0,g
3256,100103,veky,0.5,ks
3256,400009,mléko,0.3,l
3256,400020,vejce,1.0,ks
3257,100014,mouka hladká,50.0,g
3257,100045,sůl,30.0,g
3257,100055,hrách,1000.0,g
3257,200006,cibule,500.0,g
3257,300016,sádlo,100.0,g
3257,400009,mléko,0.3,l
3257,400017,tuk hera,30.0,g
3258,100027,pepř mletý,0.5,g
3258,100045,sůl,30.0,g
3258,100077,lámanka,500.0,g
3258,100080,majoránka,0.3,g
3258,200002,brambory,1500.0,g
3258,200031,česnek,30.0,g
3258,300016,sádlo,150.0,g
3258,400009,mléko,0.3,l
3260,100021,olej,0.1,ks
3260,100045,sůl,60.0,g
3260,100100,těstoviny,800.0,g
3261,100005,cukr,100.0,g
3261,100006,cukr moučka,20.0,g
3261,100011,droždí ks,1.0,ks
3261,100016,mouka polohrubá,500.0,g
3261,100042,rozinky,40.0,g
3261,100045,sůl,5.0,g
3261,400006,máslo,30.0,g
3261,400009,mléko,0.3,l
3261,400017,tuk hera,100.0,g
3261,400020,vejce,3.0,ks
3262,100005,cukr,200.0,g
3262,100006,cukr moučka,20.0,g
3262,100014,mouka hladká,30.0,g
3262,100016,mouka polohrubá,450.0,g
3262,100036,prášek do pečiva,1.0,ks
3262,400009,mléko,0.3,l
3262,400017,tuk hera,150.0,g
3262,400020,vejce,4.0,ks
3263,100021,olej,0.0,ks
3263,100045,sůl,60.0,g
3263,100108,zavářka,600.0,g
3264,100043,rýže,900.0,g
3264,100045,sůl,30.0,g
3264,100057,hřebíček,0.5,g
3264,200006,cibule,50.0,g
3264,400017,tuk hera,60.0,g
3265,100005,cukr,150.0,g
3265,100006,cukr moučka,10.0,g
3265,100015,mouka hrubá,10.0,g
3265,100016,mouka polohrubá,1000.0,g
3265,100036,prášek do pečiva,2.0,ks
3265,400009,mléko,0.5,l
3265,400017,tuk hera,10.0,g
3265,400017,tuk hera,120.0,g
3265,400020,vejce,4.0,ks
3266,100005,cukr,200.0,g
3266,100006,cukr moučka,50.0,g
3266,100011,droždí ks,1.0,ks
3266,100014,mouka hladká,200.0,g
3266,100016,mouka polohrubá,1600.0,g
3266,100045,sůl,30.0,g
3266,400009,mléko,0.8,l
3266,400017,tuk hera,150.0,g
3266,400018,tuk hera,750.0,g
3266,400020,vejce,3.0,ks
3267,100005,cukr,20.0,g
3267,100011,droždí ks,2.0,ks
3267,100014,mouka hladká,20.0,g
3267,100016,mouka polohrubá,1500.0,g
3267,100081,mák,2.0,g
3267,400009,mléko,0.8,l
3267,400017,tuk hera,20.0,g
3267,400020,vejce,0.5,ks
3270,100005,,120.0,g
3270,100016,,200.0,g
3270,100036,,2.0,ks
3270,100096,,1.0,ks
3270,400006,,50.0,g
3270,400009,,0.2,l
3270,400017,,100.0,g
3270,400020,,5.0,ks
3271,100005,cukr,150.0,g
3271,100011,droždí ks,1.0,ks
3271,100014,mouka hladká,1680.0,g
3271,100045,sůl,3.0,g
3271,100085,med porce,10.0,ks
3271,400009,mléko,0.5,l
3271,400017,tuk hera,200.0,g
3271,400020,vejce,3.0,ks
3272,100005,cukr,20.0,g
3272,100006,cukr moučka,10.0,g
3272,100009,džem 400g,0.5,ks
3272,100011,droždí ks,1.0,ks
3272,100016,mouka polohrubá,1600.0,g
3272,100021,olej,0.2,ks
3272,100045,sůl,3.0,g
3272,400006,máslo,20.0,g
3272,400009,mléko,0.8,l
3272,400020,vejce,1.0,ks
3273,100005,cukr,300.0,g
3273,100011,droždí ks,1.0,ks
3273,100014,mouka hladká,200.0,g
3273,100016,mouka polohrubá,1000.0,g
3273,100045,sůl,3.0,g
3273,400009,mléko,0.5,l
3273,400017,tuk hera,150.0,g
3273,400018,tvaroh měkký,300.0,g
3273,400020,vejce,3.0,ks
3274,100005,cukr,30.0,g
3274,100005,cukr,40.0,g
3274,100006,cukr moučka,10.0,g
3274,100011,droždí ks,0.3,ks
3274,100015,mouka hrubá,30.0,g
3274,100016,mouka polohrubá,250.0,g
3274,100045,sůl,3.0,g
3274,100070,kompot 700g,1.0,ks
3274,400009,mléko,0.2,l
3274,400017,tuk hera,10.0,g
3274,400017,tuk hera,30.0,g
3274,400017,tuk hera,50.0,g
3274,400020,vejce,0.5,ks
3275,100005,cukr,30.0,g
3275,100005,cukr,200.0,g
3275,100006,cukr moučka,10.0,g
3275,100011,droždí ks,1.0,ks
3275,100014,mouka hladká,200.0,g
3275,100015,mouka hrubá,30.0,g
3275,100016,mouka polohrubá,1700.0,g
3275,100045,sůl,3.0,g
3275,400009,mléko,0.8,l
3275,400017,tuk hera,10.0,g
3275,400017,tuk hera,30.0,g
3275,400017,tuk hera,250.0,g
3275,400020,vejce,2.0,ks
3276,100005,cukr,120.0,g
3276,100006,cukr moučka,100.0,g
3276,100009,džem 400g,0.5,ks
3276,100011,droždí ks,1.0,ks
3276,100014,mouka hladká,1600.0,g
3276,100021,olej,0.2,ks
3276,100045,sůl,15.0,g
3276,100047,skořice,0.2,ks
3276,400009,mléko,2.5,l
3276,400020,vejce,3.0,ks
3277,100005,cukr,15.0,g
3277,100005,cukr,400.0,g
3277,100006,cukr moučka,10.0,g
3277,100009,džem 400g,0.5,ks
3277,100015,mouka hrubá,15.0,g
3277,100016,mouka polohrubá,1100.0,g
3277,100036,prášek do pečiva,1.5,ks
3277,400009,mléko,1.0,l
3277,400017,tuk hera,15.0,g
3277,400017,tuk hera,310.0,g
3277,400020,vejce,7.0,ks
3278,100005,cukr,100.0,g
3278,100006,cukr moučka,20.0,g
3278,100011,droždí ks,1.0,ks
3278,100016,mouka polohrubá,500.0,g
3278,100042,rozinky,30.0,g
3278,400009,mléko,0.3,l
3278,400017,tuk hera,10.0,g
3278,400017,tuk hera,100.0,g
3278,400020,vejce,0.5,ks
3278,400020,vejce,2.0,ks
3279,100005,cukr,50.0,g
3279,100042,rozinky,80.0,g
3279,400006,máslo,1.0,g
3279,400018,tvaroh měkký,120.0,g
3279,400020,vejce,0.3,ks
3280,100005,cukr,70.0,g
3280,100028,perník na strouhání,0.5,ks
3280,100047,skořice,0.2,ks
3280,100081,mák,100.0,g
3280,400009,mléko,0.3,l
3281,100005,cukr,140.0,g
3281,100006,cukr moučka,10.0,g
3281,100009,džem 400g,0.3,ks
3281,100015,mouka hrubá,10.0,g
3281,100016,mouka polohrubá,200.0,g
3281,100035,prášek do perníku,0.4,ks
3281,100036,prášek do pečiva,0.2,ks
3281,100047,skořice,0.2,ks
3281,100057,hřebíček,0.5,g
3281,100060,kakao,3.0,g
3281,400009,mléko,0.3,l
3281,400017,tuk hera,10.0,g
3281,400017,tuk hera,130.0,g
3281,400020,vejce,1.0,ks
3282,100034,povidla švestková,0.5,ks
3293,100005,,150.0,g
3293,100042,,30.0,g
3293,100079,,3.0,ks
3293,400018,,500.0,g
3296,100005,cukr,100.0,g
3296,100006,cukr moučka,20.0,g
3296,100011,droždí ks,1.0,ks
3296,100016,mouka polohrubá,500.0,g
3296,100042,rozinky,30.0,g
3296,400009,mléko,0.3,l
3296,400017,tuk hera,10.0,g
3296,400017,tuk hera,100.0,g
3296,400020,vejce,0.5,ks
3296,400020,vejce,2.0,ks
3298,100005,cukr,100.0,g
3298,100011,droždí ks,1.0,ks
3298,100014,mouka hladká,20.0,g
3298,100016,mouka polohrubá,1600.0,g
3298,100021,olej,0.3,ks
3298,100034,povidla švestková,1.0,ks
3298,100045,sůl,2.0,g
3298,100226,,0.1,ks
3298,400006,máslo,100.0,g
3298,400009,mléko,0.3,l
3298,400019,tvaroh tvrdý,200.0,g
3298,400020,vejce,2.0,ks
3299,100005,cukr,80.0,g
3299,100006,cukr moučka,20.0,g
3299,100014,mouka hladká,150.0,g
3299,100019,ocet,0.1,ks
3299,100042,rozinky,10.0,g
3299,100045,sůl,1.0,g
3299,100047,skořice,0.2,ks
3299,100051,strouhanka,50.0,g
3299,200012,jablka,740.0,g
3299,300016,sádlo,20.0,g
3299,400017,tuk hera,20.0,g
3299,400017,tuk hera,40.0,g
3299,400020,vejce,0.5,ks
3301,100027,pepř mletý,0.5,g
3301,100080,majoránka,0.5,g
3301,100100,těstoviny,800.0,g
3301,200002,brambory,1000.0,g
3301,200006,cibule,200.0,g
3301,200031,česnek,10.0,g
3301,300006,klobásy,800.0,g
3301,300016,sádlo,100.0,g
3301,300020,slanina anglická,100.0,g
3302,100005,cukr,400.0,g
3302,100006,cukr moučka,5.0,g
3302,100015,mouka hrubá,5.0,g
3302,100016,mouka polohrubá,1100.0,g
3302,100021,olej,0.5,ks
3302,100034,povidla švestková,0.3,ks
3302,100035,prášek do perníku,2.0,ks
3302,100036,prášek do pečiva,1.0,ks
3302,100047,skořice,0.2,ks
3302,100057,hřebíček,0.5,g
3302,100060,kakao,3.0,g
3302,100084,med květový 250g,0.5,g
3302,400009,mléko,1.4,l
3302,400017,tuk hera,0.5,g
3302,400020,vejce,2.5,ks
3303,100004,citronová šťáva,1.0,g
3303,100014,mouka hladká,100.0,g
3303,100020,okurky sterilované,0.3,ks
3303,100040,rajčatový protlak,0.1,ks
3303,200005,celer,40.0,g
3303,200006,cibule,100.0,g
3303,200010,hrášek mražený,50.0,g
3303,200020,mrkev,40.0,g
3303,300029,vepřová plec,1000.0,g
3303,400017,tuk hera,100.0,g
3303,400023,šlehačka 200ml,0.5,ks
3304,100005,cukr,30.0,g
3304,100014,mouka hladká,50.0,g
3304,100027,pepř mletý,1.0,g
3304,100045,sůl,20.0,g
3304,100064,kmín,2.0,g
3304,100110,zelí sterilované 640, 1.5,ks
3304,200006,cibule,100.0,g
3304,200031,česnek,30.0,g
3304,300016,sádlo,100.0,g
3304,300028,vepřová kýta,1000.0,g
3304,300033,špek,100.0,g
3332,100021,olej,0.3,ks
3332,100027,pepř mletý,3.0,g
3332,100045,sůl,30.0,g
3332,100048,sojová omáčka,30.0,g
3332,100050,solamyl,0.3,ks
3332,100053,hořčice 400g,0.2,ks
3332,100106,worchester,20.0,g
3332,300028,vepřová kýta,1000.0,g
3332,400020,vejce,5.0,ks
3333,400009,mléko,2.0,l
3334,400009,mléko,2.5,l
3335,400009,mléko,3.0,l
3336,100075,kus kus,800.0,g
3337,300001,drůbeží sekaná mr.,1000.0,g
3337,400017,tuk hera,30.0,g
3338,100020,okurky sterilované,1.0,ks
3339,100021,olej,0.1,ks
3339,200006,cibule,50.0,g
3339,200020,mrkev,50.0,g
3339,200029,rajčata,50.0,g
3339,300009,kuřecí prsa,1000.0,g
3340,100024,paštiky 100g,6.0,ks
3340,400007,máslo pomazánkové,1.0,ks
3341,100033,,0.1,ks
3341,100043,rýže,50.0,g
3341,100045,sůl,20.0,g
3341,100072,kroupy,100.0,g
3341,200033,,150.0,g
3341,300007,kosti,1000.0,g
3341,300025,uzený bok,300.0,g
3341,400020,vejce,1.0,ks
3342,100033,,0.1,ks
3342,100045,sůl,40.0,g
3342,100073,krupice hrubá,100.0,g
3342,200033,,200.0,g
3342,300007,kosti,500.0,g
3342,400017,tuk hera,30.0,g
3342,400020,vejce,2.0,ks
3343,100011,droždí ks,1.0,ks
3343,100014,mouka hladká,80.0,g
3343,100015,mouka hrubá,1000.0,g
3343,100045,sůl,30.0,g
3343,100103,veky,0.5,ks
3343,400009,mléko,0.5,l
3343,400020,vejce,1.0,ks
3344,100002,bobkový list,0.5,ks
3344,100014,mouka hladká,50.0,g
3344,100018,nové koření,1.0,g
3344,100021,olej,0.1,ks
3344,100026,pepř celý,1.0,g
3344,100045,sůl,30.0,g
3344,200006,cibule,50.0,g
3344,300010,kuřecí stehna,2500.0,g
3345,100033,,0.1,ks
3345,100045,sůl,30.0,g
3345,100064,kmín,1.0,g
3345,200002,brambory,300.0,g
3345,200006,cibule,200.0,g
3345,200031,česnek,20.0,g
3345,300003,hovězí přední,200.0,g
3345,300007,,500.0,g
3345,300007,kosti,200.0,g
3345,300016,sádlo,50.0,g
3345,400020,vejce,1.0,ks
3346,100002,bobkový list,0.5,ks
3346,100014,mouka hladká,100.0,g
3346,100019,ocet,0.1,ks
3346,100020,okurky sterilované,0.3,ks
3346,100026,pepř celý,1.0,g
3346,100045,sůl,15.0,g
3346,200005,celer,100.0,g
3346,200006,cibule,100.0,g
3346,200020,mrkev,100.0,g
3346,200026,petržel,100.0,g
3346,300018,salám výrobní,200.0,g
3346,300028,,1000.0,g
3346,400017,tuk hera,100.0,g
3346,400023,šlehačka 200ml,1.0,ks
3347,100014,mouka hladká,120.0,g
3347,100033,,0.1,ks
3347,100045,sůl,15.0,g
3347,200022,žampiony,700.0,g
3347,300007,,500.0,g
3347,400006,máslo,100.0,g
3347,400023,šlehačka 200ml,0.5,ks
3348,100045,sůl,20.0,g
3348,200029,rajčata,600.0,g
3348,300012,pangas,1500.0,g
3348,400006,máslo,100.0,g
3349,100005,cukr,100.0,g
3349,100009,džem 400g,0.3,ks
3349,400018,tvaroh měkký,1200.0,g
3350,100103,veky,1.0,ks
3351,100005,cukr,130.0,g
3351,100037,pudink,2.0,ks
3351,400009,mléko,1.5,l
3351,400018,tvaroh měkký,1200.0,g
3352,100019,ocet,0.1,ks
3352,200006,cibule,150.0,g
3352,300017,salám gothaj,1500.0,g
3353,100032,zmrzlina,10.0,ks
3354,100005,cukr,50.0,g
3354,100019,ocet,0.1,ks
3354,100201,olej,0.1,ks
3354,200006,cibule,30.0,g
3354,200036,zelí čínské,1000.0,g
3355,300057,,1.2,kg
3356,100068,kompot 350g,1.0,ks
3356,400009,mléko,2.0,l
3357,100014,mouka hladká,60.0,g
3357,100021,olej,0.1,ks
3357,100045,sůl,20.0,g
3357,100053,hořčice 400g,0.2,ks
3357,200006,cibule,50.0,g
3357,300009,kuřecí prsa,1000.0,g
3358,400013,sýr tavený,500.0,g
3359,400013,sýr tavený,500.0,g
3360,400020,vejce,10.0,ks
3361,100045,sůl,20.0,g
3361,200006,cibule,50.0,g
3361,400006,máslo,100.0,g
3361,400009,mléko,0.1,l
3361,400020,vejce,20.0,ks
3362,100005,cukr,10.0,g
3362,100019,ocet,0.1,ks
3362,100020,okurky sterilované,0.3,ks
3362,100045,sůl,10.0,g
3362,100053,hořčice 400g,0.2,ks
3362,200006,cibule,30.0,g
3362,400005,majonéza 440g,1.0,ks
3363,100043,rýže,900.0,g
3363,200006,cibule,50.0,g
3363,200033,zelenina mražená,1500.0,g
3363,400001,eidam,200.0,g
3363,400017,tuk hera,100.0,g
3364,100013,halali,1.0,ks
3365,100005,cukr,50.0,g
3365,200001,banány,0.5,kg
3365,400009,mléko,2.0,l
3366,100096,čokoláda na vaření,1.0,ks
3366,400009,mléko,2.0,l
3367,100001,bábovka,2.0,ks
3368,400015,tatarská omáčka,300.0,g
3369,100014,mouka hladká,50.0,g
3369,100045,sůl,20.0,g
3369,200002,,2000.0,g
3369,200003,brokolice mražená,2000.0,g
3369,400001,eidam,300.0,g
3369,400009,mléko,0.2,l
3369,400017,tuk hera,100.0,g
3369,400023,šlehačka 200ml,0.5,ks
3370,100014,mouka hladká,50.0,g
3370,100045,sůl,20.0,g
3370,100064,kmín,0.5,g
3370,300010,kuřecí stehna,2500.0,g
3370,400006,máslo,100.0,g
3371,100045,sůl,20.0,g
3371,100080,majoránka,1.0,g
3371,100100,těstoviny,500.0,g
3371,100110,klobásy,1.0,ks
3371,200002,brambory,1200.0,g
3371,200006,cibule,100.0,g
3371,200031,česnek,20.0,g
3371,300016,sádlo,100.0,g
3371,300025,slanina anglická,1200.0,g
3372,100002,bobkový list,0.5,ks
3372,100005,cukr,70.0,g
3372,100014,mouka hladká,100.0,g
3372,100018,nové koření,1.0,g
3372,100026,pepř celý,1.0,g
3372,100040,rajčatový protlak,0.5,ks
3372,100045,sůl,20.0,g
3372,100047,skořice,0.2,ks
3372,200006,cibule,100.0,g
3372,300003,,500.0,g
3372,300049,mleté maso,600.0,g
3372,400017,tuk hera,80.0,g
3373,100045,sůl,40.0,g
3373,300003,hovězí přední,1000.0,g
3374,100005,cukr,80.0,g
3374,100042,rozinky,20.0,g
3374,100047,skořice,0.2,ks
3374,100051,strouhanka,30.0,g
3374,100079,lískové těsto,1.0,ks
3374,200012,jablka,500.0,g
3374,400017,tuk hera,10.0,g
3374,400020,vejce,0.5,ks
3375,100015,mouka hrubá,200.0,g
3375,100045,sůl,20.0,g
3375,100103,veky,2.0,ks
3375,300025,uzený bok,400.0,g
3375,300033,špek,100.0,g
3375,400009,mléko,0.5,l
3375,400020,vejce,2.0,ks
3376,100021,olej,0.1,ks
3376,100045,sůl,20.0,g
3376,200031,česnek,20.0,g
3376,200037,špenát mražený,500.0,g
3376,400020,vejce,20.0,ks
3377,100005,cukr,10.0,g
3377,100019,ocet,0.1,ks
3377,100045,sůl,10.0,g
3377,100201,olej,0.1,ks
3377,200006,cibule,100.0,g
3377,200023,okurky salátové,1700.0,g
3377,200025,papriky,1200.0,g
3377,200029,rajčata,1600.0,g
3377,400012,sýr balkánský,200.0,g
3378,100069,kompot 400-600g,2.0,ks
3379,100066,kompot 2500g,0.5,ks
3380,100067,kompot 3500g,0.3,ks
3381,100068,kompot 350g,3.0,ks
3382,100021,olej,0.1,ks
3382,100045,sůl,40.0,g
3382,100048,sojová omáčka,40.0,g
3382,100050,solamyl,0.3,ks
3382,100106,worchester,10.0,g
3382,200006,cibule,200.0,g
3382,200022,žampiony,250.0,g
3382,200025,papriky,200.0,g
3382,200028,pórek,300.0,g
3382,300009,kuřecí prsa,1000.0,g
3382,400020,vejce,1.0,ks
3383,100021,olej,0.1,ks
3383,100045,sůl,30.0,g
3383,100048,sojová omáčka,0.4,ks
3383,100050,solamyl,0.5,ks
3383,100106,worchester,10.0,g
3383,200006,cibule,200.0,g
3383,200022,žampiony,250.0,g
3383,200025,papriky,200.0,g
3383,200028,pórek,300.0,g
3383,300028,vepřová kýta,1000.0,g
3383,400020,vejce,1.0,ks
3384,100021,olej,0.2,ks
3384,100045,sůl,30.0,g
3384,100058,chléb,1.0,ks
3384,400009,mléko,0.1,l
3384,400020,vejce,10.0,ks
3385,100014,mouka hladká,100.0,g
3385,100027,pepř mletý,1.0,g
3385,100045,sůl,30.0,g
3385,100064,kmín,1.0,g
3385,200006,cibule,100.0,g
3385,300035,,1200.0,g
3385,400017,tuk hera,100.0,g
3386,100014,mouka hladká,100.0,g
3386,100045,sůl,30.0,g
3386,100048,sojová omáčka,50.0,g
3386,100105,víno,0.1,ks
3386,200006,cibule,300.0,g
3386,200022,žampiony,200.0,g
3386,200028,pórek,300.0,g
3386,200031,česnek,30.0,g
3386,200035,zelí hlávkové,200.0,g
3386,300028,vepřová kýta,1000.0,g
3386,400017,tuk hera,100.0,g
3387,100045,sůl,30.0,g
3387,200002,brambory,4000.0,g
3387,200006,cibule,150.0,g
3387,200031,česnek,20.0,g
3387,300016,sádlo,100.0,g
3387,300020,slanina anglická,100.0,g
3388,100014,mouka hladká,100.0,g
3388,100021,olej,0.1,ks
3388,100045,sůl,30.0,g
3388,200006,cibule,50.0,g
3388,300028,vepřová kýta,1000.0,g
3389,100019,ocet,0.1,ks
3389,100021,olej,0.1,ks
3389,100045,sůl,30.0,g
3389,100100,těstoviny,1200.0,g
3389,200025,papriky,300.0,g
3389,200029,rajčata,300.0,g
3389,200031,česnek,50.0,g
3389,300019,salám šunkový,300.0,g
3389,400001,eidam,300.0,g
3389,400005,cukr,0.5,ks
3390,100015,mouka hrubá,500.0,g
3390,100045,sůl,20.0,g
3390,100050,solamyl,0.2,ks
3390,200002,brambory,3500.0,g
3390,400020,vejce,2.0,ks
3391,100014,mouka hladká,80.0,g
3391,100021,olej,0.1,ks
3391,100040,rajčatový protlak,0.5,ks
3391,100045,sůl,40.0,g
3391,100080,majoránka,2.0,g
3391,100112,špagety,1000.0,g
3391,200006,cibule,200.0,g
3391,200031,česnek,10.0,g
3391,300029,vepřová plec,1000.0,g
3391,400001,eidam,200.0,g
3392,100014,mouka hladká,100.0,g
3392,100023,paprika mletá,20.0,g
3392,100045,sůl,20.0,g
3392,200006,cibule,200.0,g
3392,300028,vepřová kýta,1000.0,g
3392,400009,mléko,0.1,l
3392,400017,tuk hera,100.0,g
3392,400023,šlehačka 200ml,1.0,ks
3393,100033,polévkové koření,0.1,ks
3393,100045,sůl,30.0,g
3393,100073,krupice hrubá,150.0,g
3393,200033,,200.0,g
3393,300007,kosti,500.0,g
3393,400017,tuk hera,100.0,g
3393,400020,vejce,1.0,ks
10001,100001,,2.0,ks
10085,100085,,10.0,ks
13208,100045,,30.0,g
13208,100100,,1000.0,g
13208,200006,,200.0,g
13208,200022,,1500.0,g
13208,400009,,0.3,ks
13208,400017,,100.0,g
13208,400020,,5.0,ks
13209,100021,,0.1,ks
13209,100027,,1.0,g
13209,100045,,30.0,g
13209,100100,,1000.0,g
13209,200006,,50.0,g
13209,300009,,1000.0,g
13209,300020,,100.0,g
13209,400023,,1.0,ks
13209,400025,,0.2,kg
13209,400031,,0.6,kg
13210,100014,,50.0,g
13210,100018,,1.0,g
13210,100026,,1.0,g
13210,100045,,30.0,g
13210,200006,,150.0,g
13210,300010,,2500.0,g
13210,300020,,100.0,g
13210,400006,,50.0,g
13210,400017,,50.0,g
13211,100021,,0.1,ks
13211,100027,,1.0,g
13211,100045,,30.0,g
13211,100050,,0.3,ks
13211,100106,,0.1,ks
13211,200029,,100.0,g
13211,200036,,300.0,g
13211,300009,,1000.0,g
13211,400023,,1.0,ks
13211,400025,,0.2,kg
13212,300011,,1200.0,g
13212,400001,,300.0,g
13212,400006,,50.0,g
13212,400030,,2.0,kg
13213,100014,,100.0,g
13213,100021,,0.1,l
13213,100040,,0.5,ks
13213,100045,,30.0,g
13213,100239,,600.0,g
13213,200006,,200.0,g
13213,200031,,20.0,g
13213,200033,,1000.0,g
13213,300029,,1000.0,g
13213,400001,,300.0,g
13213,400006,,100.0,g
13213,400009,,0.5,l
56569,100093,,10.0,ks
56570,100014,mouka hladká,60.0,g
56570,100033,polévkové koření,0.1,ks
56570,100045,sůl,30.0,g
56570,100059,jáhly,100.0,g
56570,200006,cibule,30.0,g
56570,200031,česnek,2.0,g
56570,200033,,150.0,g
56570,300007,,500.0,g
56570,400017,tuk hera,50.0,g
56570,400023,šlehačka 200ml,0.3,ks
56571,100014,mouka hladká,100.0,g
56571,100033,,0.1,ks
56571,100045,sůl,20.0,g
56571,200006,cibule,50.0,g
56571,200037,špenát mražený,500.0,g
56571,300007,,500.0,g
56571,400009,mléko,0.2,l
56571,400017,tuk hera,50.0,g
56571,400020,vejce,1.0,ks
56572,100014,mouka hladká,100.0,g
56572,100033,,0.1,ks
56572,100045,sůl,20.0,g
56572,400009,mléko,1.0,l
56572,400013,sýr tavený,300.0,g
56572,400020,vejce,1.0,ks
56572,400023,šlehačka 200ml,0.5,ks
56573,100014,mouka hladká,100.0,g
56573,100033,polévkové koření,0.1,ks
56573,100045,sůl,30.0,g
56573,200006,cibule,20.0,g
56573,200033,,150.0,g
56573,300007,,500.0,g
56573,300010,slepice,1500.0,g
56573,400017,tuk hera,50.0,g
56574,100014,mouka hladká,100.0,g
56574,100040,rajčatový protlak,0.3,ks
56574,100045,sůl,20.0,g
56574,100105,víno,0.1,ks
56574,200006,cibule,100.0,g
56574,200033,zelenina mražená,150.0,g
56574,300004,hovězí zadní,1000.0,g
56574,300033,špek,20.0,g
56574,400017,tuk hera,100.0,g
56575,100014,mouka hladká,50.0,g
56575,100031,pohanka,300.0,g
56575,100033,,0.1,ks
56575,100045,sůl,20.0,g
56575,200006,cibule,20.0,g
56575,200033,,150.0,g
56575,300007,,500.0,g
56575,400017,tuk hera,50.0,g
56576,100005,,150.0,g
56576,100006,cukr moučka,200.0,g
56576,100015,,800.0,g
56576,400006,máslo,100.0,g
56576,400018,,1200.0,g
56576,400019,,250.0,g
56576,400020,,2.0,ks
56577,100014,mouka hladká,100.0,g
56577,100033,polévkové koření,0.1,ks
56577,100045,sůl,20.0,g
56577,200010,hrášek mražený,600.0,g
56577,300007,,500.0,g
56577,400009,mléko,0.3,l
56577,400017,tuk hera,60.0,g
56577,400023,,0.5,ks
56578,100014,mouka hladká,60.0,g
56578,100021,olej,0.3,ks
56578,100051,strouhanka,200.0,g
56578,400001,eidam,1000.0,g
56578,400009,mléko,0.1,l
56578,400020,vejce,2.0,ks
56579,100005,cukr,50.0,g
56579,200007,citron,20.0,g
56579,200020,mrkev,2000.0,g
56580,100040,rajčatový protlak,0.2,ks
56580,100045,sůl,30.0,g
56580,200006,cibule,50.0,g
56580,200029,rajčata,400.0,g
56580,300009,kuřecí prsa,1000.0,g
56580,400017,tuk hera,100.0,g
56581,100005,cukr,7.0,g
56581,100014,mouka hladká,20.0,g
56581,100023,paprika mletá,7.0,g
56581,100033,,0.1,ks
56581,100045,sůl,20.0,g
56581,100095,červená řepa,0.2,ks
56581,200002,brambory,70.0,g
56581,200006,cibule,30.0,g
56581,200029,rajčata,70.0,g
56581,200033,,150.0,g
56581,200035,zelí hlávkové,100.0,g
56581,300003,mleté maso,400.0,g
56581,300007,,500.0,g
56581,300033,špek,30.0,g
56581,400023,šlehačka 200ml,0.5,ks
56582,100045,sůl,20.0,g
56582,100199,,20.0,g
56582,300009,kuřecí prsa,1200.0,g
56582,400006,,200.0,g
56583,100005,cukr,300.0,g
56583,100016,mouka polohrubá,400.0,g
56583,100021,olej,0.2,ks
56583,100036,prášek do pečiva,1.0,ks
56583,100037,pudink,1.0,ks
56583,100060,kakao,40.0,g
56583,400009,mléko,0.1,l
56583,400018,tvaroh měkký,500.0,g
56583,400020,vejce,4.0,ks
56584,100005,cukr,150.0,g
56584,100068,,3.0,ks
56584,400009,mléko,1.0,l
56584,400023,šlehačka 200ml,0.5,ks
56585,100095,,1.0,ks
56586,300024,uzená krkovice,1200.0,g
56587,100045,sůl,20.0,g
56587,100103,veky,0.5,ks
56587,100199,,0.1,kg
56587,300008,kuřata,2500.0,g
56587,400006,máslo,50.0,g
56587,400006,máslo,150.0,g
56587,400009,mléko,0.3,l
56587,400020,vejce,2.0,ks
56588,100005,cukr,20.0,g
56588,100014,mouka hladká,100.0,g
56588,100045,sůl,20.0,g
56588,200008,fazolové lusky,1500.0,g
56588,400006,,0.1,kg
56588,400023,,0.5,ks
56589,100014,mouka hladká,100.0,g
56589,100045,sůl,20.0,g
56589,100051,strouhanka,150.0,g
56589,200022,žampiony,1500.0,g
56589,400020,vejce,1.0,ks
56590,100014,mouka hladká,80.0,g
56590,100027,pepř mletý,1.0,g
56590,100045,sůl,25.0,g
56590,200006,cibule,300.0,g
56590,200031,česnek,72.0,g
56590,300004,hovězí zadní,1000.0,g
56590,400017,tuk hera,120.0,g
56591,100005,cukr,30.0,g
56591,100008,divoké koření,3.0,g
56591,100014,mouka hladká,100.0,g
56591,100019,ocet,0.1,ks
56591,100045,sůl,30.0,g
56591,200006,cibule,85.0,g
56591,200033,zelenina mražená,120.0,g
56591,300004,hovězí zadní,1000.0,g
56591,300016,sádlo,150.0,g
56591,300033,špek,50.0,g
56591,400009,mléko,0.3,l
56591,400023,šlehačka 200ml,0.5,ks
56592,100020,,0.2,ks
56592,100053,,0.4,ks
56592,200006,,0.1,kg
56592,200027,,0.1,kg
56592,300045,,1000.0,g
56592,400020,,2.0,ks
56593,100045,,20.0,g
56593,100202,,0.5,ks
56593,100225,,1.5,ks
56593,300017,,1000.0,g
56593,400005,,0.5,ks
56593,400020,,20.0,ks
56594,100014,,100.0,g
56594,400009,,1.0,l
56594,400013,,0.5,kg
56594,400017,,100.0,g
56594,400023,,0.5,ks
56595,100108,zavářka,600.0,g
56596,200006,cibule,100.0,g
56596,200008,fazolové lusky,1500.0,g
56596,200031,česnek,40.0,g
56596,300033,špek,100.0,g
56597,100020,okurky sterilované,0.3,ks
56597,100104,vepřová konzerva,2.0,ks
56597,200006,cibule,50.0,g
56597,400007,,1.0,ks
56598,100091,čaj porce ks,40.0,ks
56599,100084,med květový 250g,1.0,ks
56599,400006,máslo,200.0,g
56600,100053,hořčice 400g,0.5,ks
56601,200031,česnek,50.0,g
56601,400011,smetana zakysaná,2.0,ks
56602,100006,cukr moučka,300.0,g
56602,100015,mouka hrubá,800.0,g
56602,100045,sůl,10.0,g
56602,100081,mák,250.0,g
56602,200038,švestky,1.0,kg
56602,400006,máslo,200.0,g
56602,400018,tvaroh měkký,300.0,g
56602,400020,vejce,2.0,ks
56603,200023,okurky salátové,1000.0,g
56604,100198,,0.2,ks
56604,100201,,0.1,ks
56604,200006,,20.0,g
56604,200023,,500.0,g
56604,200025,,500.0,g
56604,200029,,500.0,g
56604,400026,,0.2,kg
56605,100212,,10.0,ks
56606,100014,,100.0,g
56606,100021,,0.3,ks
56606,100045,,25.0,g
56606,100051,,200.0,g
56606,300009,,1200.0,g
56606,400009,,0.2,l
56606,400020,,2.0,ks
56607,100020,,0.5,ks
56607,100103,,1.0,ks
56607,200029,,300.0,g
56607,300034,,600.0,g
56607,400001,,400.0,g
56607,400007,,2.0,ks
56607,400020,,3.0,ks
56608,100005,,30.0,g
56608,100019,,30.0,g
56608,100020,,0.3,ks
56608,100021,,0.1,ks
56608,100027,,1.0,g
56608,100045,,30.0,g
56608,100053,,0.2,ks
56608,200002,,4000.0,g
56608,200006,,200.0,g
56609,100014,,100.0,g
56609,100021,,0.1,ks
56609,100023,,20.0,g
56609,100045,,20.0,g
56609,200006,,100.0,g
56609,300009,,1000.0,g
56610,100021,,0.1,ks
56610,100045,,20.0,g
56610,100199,,0.1,kg
56610,300009,,1200.0,g
56610,400006,,50.0,g
56611,100021,,0.1,ks
56611,100045,,20.0,g
56611,100199,,0.1,kg
56611,200040,,3.0,ks
56611,300009,,1200.0,g
56612,100014,,100.0,g
56612,100045,,20.0,g
56612,200006,,100.0,g
56612,200031,,30.0,g
56612,300004,,1000.0,g
56612,300006,,200.0,g
56612,300016,,100.0,g
56612,300020,,200.0,g
56613,100014,,100.0,g
56613,100045,,20.0,g
56613,100078,,1.0,ks
56613,200006,,120.0,g
56613,300016,,100.0,g
56613,300029,,1000.0,g
56613,300033,,50.0,g
56614,100014,,50.0,g
56614,100045,,40.0,g
56614,200006,,150.0,g
56614,200031,,20.0,g
56614,300016,,60.0,g
56614,300029,,1000.0,g
56615,100014,,100.0,g
56615,100045,,20.0,g
56615,200006,,100.0,g
56615,300004,,1000.0,g
56615,300017,,100.0,g
56615,400017,,100.0,g
56615,400020,,3.0,ks
56616,100014,,100.0,g
56616,100020,,0.3,ks
56616,100027,,2.0,g
56616,100045,,20.0,g
56616,200006,,100.0,g
56616,300004,,1000.0,g
56616,400017,,100.0,g
56617,100021,,0.3,ks
56617,100045,,20.0,g
56617,100206,,30.0,g
56617,300010,,2500.0,g
56618,100014,,50.0,g
56618,100021,,80.0,g
56618,100045,,20.0,g
56618,100100,,1000.0,g
56618,200009,,250.0,g
56618,300009,,1000.0,g
56618,400006,,100.0,g
56618,400009,,0.2,ks
56618,400023,,1.0,ks
56619,100045,,40.0,g
56619,200002,,4000.0,g
56619,200006,,100.0,g
56619,200031,,30.0,g
56619,200037,,1500.0,g
56619,300012,,1000.0,g
56619,400001,,200.0,g
56619,400006,,100.0,g
56619,400009,,0.3,l
56619,400017,,200.0,g
56619,400020,,5.0,ks
56620,100014,,50.0,g
56620,100020,,0.3,ks
56620,100027,,0.5,g
56620,100051,,100.0,g
56620,100080,,0.5,g
56620,200006,,40.0,g
56620,200031,,5.0,g
56620,300003,,500.0,g
56620,300017,,200.0,g
56620,300049,,600.0,g
56620,400017,,50.0,g
56620,400020,,3.0,ks
56621,100014,,180.0,g
56621,100045,,30.0,g
56621,200003,,1.0,kg
56621,300007,,500.0,g
56621,400006,,20.0,g
56621,400009,,0.3,l
56621,400017,,80.0,g
56621,400023,,0.5,ks
56622,100014,,50.0,g
56622,100021,,0.3,ks
56622,100045,,30.0,g
56622,100204,,10.0,g
56622,100206,,20.0,g
56622,300005,,1200.0,g
56623,100005,,100.0,g
56623,100030,,2.0,ks
56623,100037,,3.0,ks
56623,100069,,2.0,ks
56623,400011,,2.0,ks
56624,100021,,0.1,ks
56624,100033,,0.1,ks
56624,100045,,60.0,g
56624,100113,,0.1,ks
56624,100232,,700.0,g
56624,200006,,50.0,g
56624,200009,,1500.0,g
56624,200031,,30.0,g
56624,300016,,100.0,g
56625,100005,,140.0,g
56625,100006,,200.0,g
56625,100007,,1.0,ks
56625,100016,,500.0,g
56625,100021,,0.3,ks
56625,100042,,40.0,g
56625,100045,,10.0,g
56625,400009,,1.5,l
56625,400018,,1.0,kg
56625,400020,,7.0,ks
56626,100027,,5.0,g
56626,100045,,40.0,g
56626,200005,,500.0,g
56626,200040,,2.0,ks
56626,300036,,2000.0,g
56626,400005,,0.5,ks
56626,400011,,1.0,ks
56627,100014,,50.0,g
56627,100021,,0.3,l
56627,100045,,30.0,g
56627,100051,,200.0,g
56627,200040,,3.0,ks
56627,300009,,1200.0,g
56627,400009,,0.1,l
56627,400020,,2.0,ks
56628,100014,,100.0,g
56628,100045,,30.0,g
56628,200006,,100.0,g
56628,300035,,1200.0,g
56628,400017,,100.0,g
56628,400023,,0.5,ks
56629,100045,,30.0,g
56629,100063,,1.0,ks
56629,100210,,5.0,ks
56629,200006,,100.0,g
56629,200025,,300.0,g
56629,200029,,300.0,g
56629,300006,,1000.0,g
56629,300016,,50.0,g
56630,100014,,100.0,g
56630,100045,,20.0,g
56630,100073,,50.0,g
56630,200006,,100.0,g
56630,200033,,300.0,g
56630,300007,,300.0,g
56630,300012,,500.0,g
56630,400006,,100.0,g
56630,400017,,50.0,g
56631,100014,,100.0,g
56631,100021,,0.1,ks
56631,100045,,20.0,g
56631,200006,,100.0,g
56631,200025,,100.0,g
56631,300009,,1100.0,g
56631,300017,,200.0,g
56631,300033,,200.0,g
56631,400020,,5.0,ks
56632,100045,,30.0,g
56632,100075,,900.0,g
56632,200006,,100.0,g
56632,200010,,100.0,g
56632,200033,,150.0,g
56632,300029,,1000.0,g
56632,400017,,100.0,g
56633,100045,,30.0,g
56633,100098,,3.0,ks
56633,100100,,1200.0,g
56633,200025,,100.0,g
56633,200028,,100.0,g
56633,200034,,150.0,g
56633,400005,,0.5,ks
56634,100014,,50.0,g
56634,100021,,0.1,ks
56634,100045,,30.0,g
56634,200002,,4200.0,g
56634,200006,,100.0,g
56634,300027,,1000.0,g
56634,400001,,250.0,g
56634,400009,,0.3,l
56634,400020,,1.0,ks
56634,400023,,1.0,ks
56635,100014,,100.0,g
56635,100023,,20.0,g
56635,100040,,0.3,ks
56635,100045,,20.0,g
56635,200006,,100.0,g
56635,300029,,1000.0,g
56635,400017,,100.0,g
56636,100005,,250.0,g
56636,100045,,40.0,g
56636,100100,,700.0,g
56636,400006,,100.0,g
56636,400009,,0.3,l
56636,400018,,1000.0,g
56636,400020,,3.0,ks
56637,400027,,10.0,ks
56638,100005,,280.0,g
56638,100006,,30.0,g
56638,100045,,10.0,g
56638,100051,,30.0,g
56638,100069,,4.0,ks
56638,100075,,800.0,g
56638,400006,,150.0,g
56638,400009,,3.5,l
56638,400017,,20.0,g
56638,400020,,7.0,ks
56639,100041,,10.0,ks
56639,100058,,1.0,ks
56639,200023,,300.0,g
56639,200025,,300.0,g
56639,200029,,300.0,g
56639,300017,,200.0,g
56639,300019,,500.0,g
56639,400001,,500.0,g
56639,400020,,5.0,ks
56639,400025,,0.2,kg
56640,100045,,40.0,g
56640,100053,,0.2,ks
56640,100097,,1300.0,g
56640,200003,,1000.0,g
56640,200028,,0.5,kg
56640,200029,,1000.0,g
56640,400003,,2.0,ks
56640,400026,,2.0,ks
56641,100019,,20.0,g
56641,100020,,0.3,ks
56641,100053,,0.1,ks
56641,100202,,0.5,ks
56641,200002,,1.5,kg
56641,200006,,50.0,g
56641,200010,,15.0,g
56641,300019,,500.0,g
56641,400005,,0.1,ks
56641,400020,,1.0,ks
56641,400020,,10.0,ks
56642,200045,,1.5,kg
56642,400006,,100.0,g
56643,100002,,0.5,ks
56643,100005,,50.0,g
56643,100014,,120.0,g
56643,100018,,0.5,ks
56643,100019,,50.0,g
56643,100026,,0.5,ks
56643,100028,,1.0,ks
56643,100034,,0.5,ks
56643,100040,,0.3,ks
56643,100042,,20.0,g
56643,100045,,30.0,g
56643,100083,,10.0,g
56643,200006,,50.0,g
56643,200007,,50.0,g
56643,200033,,150.0,g
56643,300050,,2500.0,g
56643,400017,,100.0,g
56644,100014,,60.0,g
56644,100045,,20.0,g
56644,100053,,0.2,ks
56644,200006,,150.0,g
56644,300050,,2500.0,g
56644,400017,,100.0,g
56645,100014,,100.0,g
56645,100045,,30.0,g
56645,300050,,2500.0,g
56645,400006,,150.0,g
56646,100045,,20.0,g
56646,100063,,0.5,ks
56646,200025,,100.0,g
56646,200029,,120.0,g
56646,200043,,0.5,ks
56646,300012,,1500.0,g
56646,400006,,100.0,g
56647,100006,,300.0,g
56647,100028,,200.0,g
56647,300040,,3000.0,g
56647,400006,,100.0,g
56648,100005,,240.0,g
56648,100042,,60.0,g
56648,100047,,0.5,ks
56648,100051,,90.0,g
56648,100079,,3.0,ks
56648,200012,,1500.0,g
56648,400017,,30.0,g
56648,400020,,1.0,ks
56649,100005,,240.0,g
56649,100042,,20.0,g
56649,100051,,30.0,g
56649,100079,,3.0,ks
56649,400017,,20.0,g
56649,400018,,750.0,g
56649,400020,,1.0,ks
56650,100014,,50.0,g
56650,100028,,1.0,ks
56650,100034,,0.5,ks
56650,100040,,0.3,ks
56650,100045,,20.0,g
56650,100105,,0.1,ks
56650,200006,,100.0,g
56650,200033,,200.0,g
56650,300033,,20.0,g
56650,300053,,1.5,kg
56650,400017,,100.0,g
56651,100045,,30.0,g
56651,100053,,0.3,ks
56651,100076,,0.3,ks
56651,300052,,3500.0,g
56652,100021,,0.1,kg
56652,100045,,20.0,g
56652,200013,,500.0,g
56652,400020,,20.0,ks
56653,100045,,20.0,g
56653,100201,,0.2,ks
56653,200029,,3000.0,g
56653,400026,,1.0,kg
56654,100014,,100.0,g
56654,100021,,0.3,ks
56654,100045,,20.0,g
56654,100051,,200.0,g
56654,300054,,3.0,kg
56654,400009,,0.2,l
56654,400020,,2.0,ks
56655,100015,,100.0,g
56655,100033,,0.1,ks
56655,100045,,20.0,g
56655,200033,,200.0,g
56655,300007,,500.0,g
56655,400009,,0.1,l
56655,400020,,2.0,ks
56656,100014,,100.0,g
56656,100023,,20.0,g
56656,100045,,20.0,g
56656,200006,,200.0,g
56656,300010,,2200.0,g
56656,400009,,0.1,l
56656,400017,,100.0,g
56656,400023,,1.0,ks
56657,300006,,1500.0,g
56658,100014,,100.0,g
56658,100023,,2.0,g
56658,100045,,20.0,g
56658,200006,,200.0,g
56658,300009,,1000.0,g
56658,400009,,0.1,l
56658,400017,,100.0,g
56658,400023,,1.0,ks
56659,100005,,200.0,g
56659,100006,,150.0,g
56659,100045,,2.0,g
56659,100047,,0.2,ks
56659,100103,,5.0,ks
56659,200012,,1000.0,g
56659,400009,,1.3,l
56659,400017,,150.0,g
56659,400018,,500.0,g
56659,400020,,2.0,ks
56660,100011,,2.0,ks
56660,100014,,1000.0,g
56660,300016,,125.0,g
56660,300045,,0.4,kg
56660,400009,,0.3,l
56660,400020,,5.0,ks
56661,100005,,50.0,g
56661,100019,,0.1,l
56661,200023,,300.0,g
56661,200025,,300.0,g
56661,200029,,300.0,g
56662,100005,,30.0,g
56662,100006,,200.0,g
56662,100011,,1.0,ks
56662,100014,,80.0,g
56662,100016,,1500.0,g
56662,100045,,5.0,g
56662,100045,,10.0,g
56662,200038,,1.5,kg
56662,400006,,200.0,g
56662,400009,,0.7,l
56662,400019,,350.0,g
56662,400020,,1.5,ks
56663,100063,,0.2,ks
56663,100230,,2.0,ks
56663,200025,,200.0,g
56663,200029,,200.0,g
56663,300019,,500.0,g
56663,400001,,500.0,g
56664,100014,,100.0,g
56664,100021,,0.1,ks
56664,100045,,30.0,g
56664,100053,,0.3,ks
56664,100063,,0.3,ks
56664,200006,,100.0,g
56664,300029,,1000.0,g
56664,400023,,1.0,ks
56665,100027,,0.1,g
56665,100040,,0.1,ks
56665,100045,,30.0,g
56665,100105,,0.1,l
56665,200006,,100.0,g
56665,200033,,150.0,g
56665,300056,,1200.0,g
56665,400017,,100.0,g
56666,100045,,30.0,g
56666,100232,,1000.0,g
56666,200006,,100.0,g
56666,400017,,50.0,g
56667,100045,,20.0,g
56667,100098,,3.0,ks
56667,100201,,0.1,ks
56667,100232,,1000.0,g
56667,200006,,30.0,g
56667,200029,,300.0,g
56667,200040,,3.0,ks
56667,400017,,50.0,g
56668,100021,,0.1,ks
56668,100040,,0.2,ks
56668,100050,,0.1,ks
56668,100197,,300.0,g
56668,100210,,0.5,ks
56668,200006,,150.0,g
56668,200029,,400.0,g
56668,200031,,20.0,g
56668,200044,,0.1,kg
56668,300009,,1000.0,g
56669,100006,,300.0,g
56669,100094,,2500.0,g
56669,400006,,100.0,g
56669,400019,,200.0,g
56670,300017,,200.0,g
56670,400004,,5.0,ks
56670,400007,,1.0,KS
56670,400011,,1.0,ks
56670,400020,,5.0,ks
56671,100021,,0.1,ks
56671,100053,,0.3,ks
56671,100063,,0.5,ks
56671,100078,,1.0,ks
56671,200006,,150.0,g
56671,200013,,2000.0,g
56671,400029,,1.0,ks
56672,100009,,0.3,ks
56672,100045,,30.0,g
56672,100053,,0.5,ks
56672,100202,,0.5,ks
56672,300010,,2500.0,g
56673,100036,,1.0,ks
56673,100045,,30.0,g
56673,100103,,2.0,ks
56673,300025,,600.0,g
56673,400009,,0.2,l
56673,400017,,150.0,g
56673,400020,,3.0,ks
56674,200003,,1500.0,g
56674,400006,,80.0,g
56675,100014,,80.0,g
56675,100021,,0.1,ks
56675,100040,,0.5,ks
56675,100045,,40.0,g
56675,100080,,2.0,g
56675,100100,,1000.0,g
56675,200006,,200.0,g
56675,200031,,10.0,g
56675,300029,,1000.0,g
56675,400001,,200.0,g
56676,100014,,100.0,g
56676,100021,,0.3,ks
56676,100045,,20.0,g
56676,200031,,50.0,g
56676,300054,,3.0,kg
56677,100021,,0.1,ks
56677,100045,,20.0,g
56677,200033,,1500.0,g
56677,400009,,0.3,l
56677,400020,,20.0,ks
56678,100079,,3.0,ks
56678,100110,,1.0,ks
56678,200025,,200.0,g
56678,200037,,500.0,g
56678,300019,,500.0,g
56678,400001,,500.0,g
56678,400020,,2.0,ks
56679,100005,,100.0,g
56679,100006,,150.0,g
56679,100022,,200.0,g
56679,400006,,100.0,g
56679,400009,,2.0,l
56680,100006,,150.0,g
56680,100081,,150.0,g
56680,100233,,1200.0,g
56680,400006,,200.0,g
56681,100006,,150.0,g
56681,100233,,1200.0,g
56681,400006,,200.0,g
56681,400019,,200.0,g
56682,100021,,0.1,ks
56682,100045,,30.0,g
56682,100233,,1000.0,g
56683,100021,,0.1,ks
56683,100045,,30.0,g
56683,100063,,0.3,ks
56683,100234,,10.0,ks
56683,200006,,100.0,g
56683,200025,,150.0,g
56683,200029,,150.0,g
56683,200031,,30.0,g
56683,200035,,400.0,g
56683,300009,,1000.0,g
56683,400011,,2.0,ks
56684,100003,,1200.0,g
56684,100014,,100.0,g
56684,100015,,100.0,g
56684,100036,,0.5,ks
56684,200006,,100.0,g
56684,400017,,150.0,g
56684,400020,,12.0,ks
56685,100068,,2.0,ks
56685,200001,,500.0,g
56685,200011,,500.0,g
56685,200012,,500.0,g
56685,200036,,2000.0,g
56686,100002,,0.1,ks
56686,100004,,0.1,ks
56686,100005,,60.0,g
56686,100014,,150.0,g
56686,100019,,0.1,l
56686,100045,,30.0,g
56686,100053,,0.3,ks
56686,200006,,60.0,g
56686,200034,,300.0,g
56686,300033,,15.0,g
56686,300046,,1.0,kg
56686,400006,,100.0,g
56686,400023,,1.0,ks
56687,400020,,10.0,ks
56688,100014,,1000.0,g
56689,400009,,10.0,l
56690,100005,,1000.0,g
56691,100006,,1000.0,g
57258,100068,,1.0,ks
57258,200011,,300.0,g
57258,200012,,600.0,g
57258,200018,,300.0,g
57258,200020,,300.0,g
57258,200036,,2500.0,g
57259,100045,,30.0,g
57259,100205,,5.0,g
57259,100232,,1000.0,g
57259,200006,,100.0,g
57259,200044,,0.3,kg
57259,400017,,50.0,g
57259,400031,,1.0,kg
57260,100045,,30.0,g
57260,100098,,5.0,ks
57260,200006,,50.0,g
57260,200020,,300.0,g
57260,200036,,2.5,kg
57260,400011,,3.0,ks
57260,400020,,10.0,ks
57261,100014,,60.0,g
57261,100021,,0.3,ks
57261,100051,,200.0,g
57261,400002,,10.0,ks
57261,400009,,0.1,l
57261,400020,,2.0,ks
57262,100045,,30.0,g
57262,200006,,400.0,g
57262,200025,,2000.0,g
57262,200029,,2000.0,g
57262,400017,,100.0,g
57262,400020,,20.0,ks
57263,100021,,0.1,ks
57263,100045,,40.0,g
57263,100241,,0.8,kg
57264,100040,,0.1,ks
57264,100043,,1000.0,g
57264,100045,,40.0,g
57264,100078,,1.0,ks
57264,200006,,100.0,g
57264,200025,,200.0,g
57264,300016,,50.0,g
57264,300029,,1000.0,g
57264,400001,,200.0,g
57264,400017,,50.0,g
57265,400032,,3.0,kg
57266,100021,,0.1,ks
57266,100045,,50.0,g
57266,100100,,1100.0,g
57266,200031,,20.0,g
57266,200037,,1500.0,g
57266,300020,,150.0,g
57267,100014,,100.0,g
57267,100027,,5.0,g
57267,100045,,30.0,g
57267,200006,,150.0,g
57267,200031,,20.0,g
57267,300011,,250.0,g
57267,300017,,100.0,g
57267,300027,,1000.0,g
57268,100014,,100.0,g
57268,100045,,30.0,g
57268,200006,,100.0,g
57268,200008,,100.0,g
57268,200009,,100.0,g
57268,200029,,100.0,g
57268,300004,,1000.0,g
57268,400017,,100.0,g
57269,100014,,50.0,g
57269,100045,,30.0,g
57269,100064,,1.0,g
57269,200006,,150.0,g
57269,300058,,4.0,kg
57270,400006,,50.0,g
57270,400009,,1.0,l
57270,400013,,300.0,g
57270,400023,,1.0,ks
57270,400025,,100.0,g
57271,100041,,2.0,ks
57271,200023,,0.1,kg
57271,200025,,0.1,kg
57271,200029,,0.1,kg
57271,300043,,0.1,kg
57271,400001,,0.1,kg
57271,400007,,0.5,ks
57271,400013,,0.2,kg
57271,400025,,0.1,kg
57272,100005,,20.0,g
57272,100005,,400.0,g
57272,100006,,10.0,g
57272,100015,,20.0,g
57272,100016,,1100.0,g
57272,100021,,0.3,ks
57272,100036,,1.5,ks
57272,300039,,2.0,kg
57272,400009,,1.0,l
57272,400017,,20.0,g
57272,400020,,7.0,ks
57273,100021,,50.0,g
57273,100045,,30.0,g
57273,100233,,2000.0,g
57273,200031,,0.1,kg
57273,200037,,1500.0,g
57273,400023,,0.5,ks
57274,100021,,0.1,l
57274,100045,,20.0,g
57274,400020,,10.0,ks
57275,100014,,30.0,g
57275,100027,,0.5,g
57275,100045,,30.0,g
57275,100105,,0.1,ks
57275,200006,,100.0,g
57275,200022,,100.0,g
57275,200029,,200.0,g
57275,300010,,2200.0,g
57275,300033,,50.0,g
57275,400017,,50.0,g
57276,100033,,0.1,ks
57276,100045,,30.0,g
57276,200010,,50.0,g
57276,200017,,0.5,ks
57276,200033,,200.0,g
57276,300007,,1000.0,g
57276,400017,,50.0,g
57277,100027,,0.5,g
57277,100045,,30.0,g
57277,100232,,1000.0,g
57277,200006,,100.0,g
57277,200044,,0.3,kg
57277,300029,,1000.0,g
57277,400017,,50.0,g
57278,100014,,150.0,g
57278,100021,,0.3,ks
57278,100045,,40.0,g
57278,100051,,250.0,g
57278,200005,,1500.0,g
57278,400009,,0.2,l
57278,400020,,3.0,ks
57280,100014,,100.0,g
57280,100020,,0.3,ks
57280,100027,,0.5,g
57280,100040,,0.5,ks
57280,100045,,40.0,g
57280,100105,,0.1,ks
57280,200006,,100.0,g
57280,200022,,80.0,g
57280,300003,,1000.0,g
57280,300016,,100.0,g
57281,100014,,50.0,g
57281,100027,,0.5,g
57281,100045,,30.0,g
57281,200006,,100.0,g
57281,200022,,150.0,g
57281,300016,,50.0,g
57281,300024,,200.0,g
57281,300027,,1500.0,g
57281,400001,,150.0,g
57281,400020,,2.0,ks
57281,400023,,0.5,ks
57282,100014,,100.0,g
57282,100027,,0.5,g
57282,100045,,30.0,g
57282,100083,,20.0,g
57282,100105,,0.1,ks
57282,200006,,300.0,g
57282,300005,,1500.0,g
57282,400017,,150.0,g
57282,400023,,1.0,ks
57283,100005,,40.0,g
57283,100007,,1.0,ks
57283,100011,,2.0,ks
57283,100014,,1380.0,g
57283,100016,,0.0,g
57283,100021,,0.5,ks
57283,100045,,10.0,g
57283,100047,,0.5,ks
57283,100226,,0.1,ks
57283,400006,,150.0,g
57283,400009,,0.5,l
57283,400020,,3.0,ks
57284,100021,,50.0,g
57284,100045,,30.0,g
57284,200002,,200.0,g
57284,200006,,50.0,g
57284,200020,,50.0,g
57284,200031,,10.0,g
57284,400023,,0.3,ks
57284,400033,,1000.0,g
57285,100014,,50.0,g
57285,100027,,5.0,g
57285,100045,,30.0,g
57285,200006,,150.0,g
57285,200010,,50.0,g
57285,300017,,50.0,g
57285,400017,,100.0,g
57285,400020,,2.0,ks
57285,400034,,2500.0,g
57286,100014,,50.0,g
57286,100045,,20.0,g
57286,100051,,50.0,g
57286,100103,,0.1,ks
57286,200033,,30.0,g
57286,300007,,200.0,g
57286,300029,,200.0,g
57286,400020,,2.0,ks
57287,100020,,0.1,ks
57287,200006,,80.0,g
57287,300024,,1200.0,g
57288,100021,,0.1,ks
57288,100045,,20.0,g
57288,100199,,0.1,kg
57288,200022,,200.0,g
57288,300009,,1200.0,g
57288,400006,,50.0,g
57289,100045,,30.0,g
57289,100241,,1.0,kg
57289,200010,,100.0,g
57289,200045,,300.0,g
57289,300019,,700.0,g
57289,400001,,50.0,g
57289,400009,,0.3,l
57289,400017,,50.0,g
57289,400020,,5.0,ks
57290,100084,,1.0,ks
57291,100009,,1.0,ks
57292,100014,,50.0,g
57292,100063,,0.3,ks
57292,200006,,100.0,g
57292,200025,,100.0,g
57292,200029,,100.0,g
57292,300050,,3000.0,g
57292,400006,,100.0,g
